{"type":"Topology","arcs":[[[224882,41867],[31,-7],[45,-88],[51,-52],[-31,-73],[-55,32],[7,96],[-48,92]],[[194674,29513],[-147,18],[-4,-28],[-119,-83],[-72,22],[-47,-138]],[[194285,29304],[-78,-31],[-120,-81],[-32,-54],[39,-45],[-98,-76],[-126,-75],[-27,-92],[14,-104],[39,-65],[-72,-36],[-67,-61],[-10,-46],[-92,-57],[-104,-153],[4,-122],[55,-86],[-57,-27],[-57,-118],[-41,4],[-94,-118],[-58,-29],[26,-57],[-110,-57],[4,-124],[-85,-95],[-53,-35],[-121,64],[-109,-57],[2,-36],[64,-55],[-18,-49],[82,-52],[8,-40],[-42,-141],[-139,-17],[-29,-70],[-81,-80],[-22,-49],[28,-60],[8,-158],[-33,-82],[36,-119],[-42,-52],[-28,-119],[-32,-65],[17,-50],[-41,-110],[-4,-100],[30,-26],[-5,-134],[54,-113],[-4,-103],[-54,-71],[2,-94],[-107,-83],[-67,-78],[-60,-122],[12,-80],[53,-26],[-44,-49],[6,-46],[-62,-79],[19,-89],[-25,-106],[39,-34],[-39,-88],[-119,-181],[-141,-258],[-15,-216],[-40,-73],[-94,-76],[-29,-111],[42,-40],[-54,-71],[1,-99],[-54,15],[-41,-105],[50,-68],[70,-15],[-40,-135],[9,-48],[54,-56],[-17,-58],[-243,-179],[117,-59],[87,-8],[75,24],[138,-128],[63,-6],[57,-258],[107,-142],[-125,17],[-108,50],[-72,-33],[-84,-112],[83,-85],[23,-73],[-48,-66],[-33,-92],[32,-175],[60,-69],[4,-203]],[[192052,21354],[-1388,512],[-852,319],[-1314,494],[-702,265],[-992,381],[-1188,457],[-90,12],[-221,-14],[-15,56],[59,84],[42,18],[24,64],[166,137],[17,57],[66,83],[41,108],[-7,71],[-50,35],[-139,36],[-49,59],[-66,-20],[-32,54],[55,87],[-41,78],[-13,130],[-134,44],[-3,69],[-37,45],[-58,10],[-39,58],[-43,112],[63,115],[-46,98],[-50,195],[-7,72],[50,66],[-68,102],[35,119],[-102,33],[-45,41],[19,79],[-57,39],[62,132],[-94,17],[-80,-12],[-94,15],[-41,51],[3,108],[-102,-12],[-242,66],[-23,42],[-123,-4],[-71,47],[-59,-6],[-118,96],[-79,-35],[-119,-18],[-56,-60],[-196,-83],[-104,-60],[-106,59],[-98,135],[-125,9],[-29,-47],[-187,49],[-75,-99],[-82,-57],[-53,-121],[22,-27],[-124,-96],[-64,51],[-210,23],[-58,-31],[-79,-8],[-154,65],[-88,8],[-85,96],[-66,-178],[-37,1],[-93,-74],[-39,-102],[-48,-38],[-69,87],[-158,25],[-79,-42],[-18,-72],[-122,31],[-36,80],[-77,-15],[-28,47],[-87,-44],[-83,-8],[-41,85],[-68,23],[-128,-3],[-107,46],[-50,63],[-123,-43],[-115,63],[-155,157],[-139,-16],[-72,-45],[-83,76],[-92,19],[-46,-86],[-115,79],[-73,0],[-121,-75],[-16,-66],[-64,-16],[22,-83],[-72,-45],[-130,80],[-5,-56],[-139,26],[-10,69],[-115,7],[-45,-50],[-166,-7],[-72,-24],[-15,59],[-70,-19],[-47,29],[-122,8],[-44,-20],[-137,25],[-95,62],[-162,-63],[-124,74],[-4,47],[-131,46],[-25,37],[-135,-6],[-78,-47],[-17,-47],[-184,0],[-132,84],[-36,-20],[-74,75],[-104,60],[-86,-4],[-54,80],[-96,48],[-26,90],[-60,-28],[-71,27],[-91,106],[-20,49],[-93,43],[-40,-48],[-64,30],[-116,-5],[-41,-54],[-64,-29],[-80,26],[-36,-71],[-84,-4],[-125,-54],[-100,51],[-62,-33],[-85,14],[-84,70],[-52,19],[-179,-16],[-103,-25],[-123,51],[-87,12],[-135,-13],[-93,-32],[-97,-65],[-148,-8],[-40,-25],[24,-60],[-93,-167],[28,-102],[-94,-23],[-26,-69],[82,-56],[129,-148],[17,-55],[-80,-51],[-66,-11],[-50,53],[-159,12],[-49,20],[-119,-87],[5,-47],[-70,-20],[-66,-73],[-68,-13],[-48,24],[-94,-2],[-15,43],[-91,-17],[-24,76],[-97,0],[27,76],[-142,-16],[1,71],[-102,4],[-23,43],[-128,2],[-19,61],[-77,26],[-11,36],[-120,24],[-22,75],[-76,20],[-104,93],[-91,34],[-60,72],[-52,20],[-10,152],[-57,2],[-90,136],[39,63],[-84,51],[0,38],[-110,38],[-75,77],[-54,16],[-66,-57],[-74,84],[3,26],[-120,58],[-5,61],[-67,3],[-35,53],[-80,-5],[-36,88],[-46,-1],[-83,70],[-46,121],[-154,48],[-52,70],[-211,11],[9,65],[-64,7],[-55,94],[-144,13],[-185,66],[-96,78],[-52,12],[-32,61],[-101,51],[-95,-4],[15,77],[-78,43],[-137,-12],[-114,70],[-125,-100],[-47,30],[-171,175],[-71,12],[2,67],[78,134],[-69,148],[51,75],[-56,38],[-125,-59],[-35,25],[-99,-25],[-75,2],[-24,55],[-67,46],[-181,-11],[-48,65],[29,94],[-61,81],[-90,61],[-29,56],[-23,186],[4,108],[-64,58],[5,129],[78,27],[4,73],[-33,27],[-3,90],[59,70],[-10,33],[49,129],[-29,73],[-159,54],[-86,-52],[-37,63],[-69,35],[-41,68],[-49,-2],[-116,66],[-14,52],[-85,-24],[-16,66],[-65,-31],[-49,30],[-159,-1],[-88,45],[-92,-49],[-95,26],[-4,82],[-130,3],[-48,-22],[-140,92],[-81,-17],[-10,-49],[-92,-15],[-45,154],[-80,16],[-14,43],[-109,9],[-63,61],[77,98],[-58,40],[-46,-99],[-85,-1],[24,-59],[-231,-22],[17,-32],[-54,-133],[74,-43],[-29,-49],[-83,-6],[65,-137],[-63,-65],[-88,39],[-139,-35],[10,-57],[98,-33],[-51,-69],[-60,-3],[-71,42],[-256,45],[-93,70],[49,55],[21,66],[-75,108],[-96,19],[2,92],[-48,79],[45,81],[-12,99],[-120,-40],[-87,77],[-123,43],[-30,48],[86,119],[-111,15],[-27,59],[41,81],[-46,96],[-1,84],[67,38],[-8,47],[83,33],[-26,43],[45,32],[-114,38],[-60,-33],[-98,-1],[-105,45],[-73,69],[-122,-14],[-22,38],[59,35],[3,67],[-50,62],[28,110],[-52,33],[-32,87],[-78,-7],[-142,42],[24,65],[-73,11],[-90,-85],[-140,3],[-56,70],[29,76],[-82,17],[-139,69],[-1,-69],[-107,45],[-50,-26],[-82,1],[-156,29],[-67,-12],[-18,-57],[-117,18],[-20,-22],[-145,57],[-100,5],[-105,39],[-103,-41],[-44,66],[-99,-19],[-85,-54],[-68,-11],[-11,-68],[-152,-120],[-26,-81],[-53,24],[-182,-50],[-38,58],[13,40],[-58,80],[-153,-23],[-146,38],[-31,78],[-196,53],[-62,-68],[-67,26],[-3,42],[-107,29],[-79,83],[-195,61],[-100,-97],[-96,34],[2,53],[-58,11],[-143,-27],[-21,-26],[-107,75],[-193,34],[-22,78]],[[159633,33284],[0,824],[-1,720],[-1,833],[0,911],[-1,758],[-1,718],[0,980],[-1,1254],[-1,1009],[-2,1183],[0,842],[0,1319],[0,703],[-1,809],[0,738],[-1,1089],[-1,892],[-1,916],[-1,704]],[[159620,50486],[725,0],[1412,1],[1547,-1],[1377,0],[722,0],[1448,1],[1442,-1],[723,0],[904,0],[1143,0],[1133,0],[714,0],[895,0],[1189,0],[882,0],[903,0],[1202,0],[895,0],[895,0],[624,0],[1299,0],[940,0],[1353,0],[794,0],[776,0],[884,0],[1056,0],[876,0],[52,71],[111,34],[114,54],[105,224],[59,100],[0,50],[64,40],[109,-13],[40,26],[2,73],[76,-14],[94,56],[7,60],[109,48],[100,81],[120,25],[51,71],[62,-3],[65,44],[124,34],[90,-17],[62,65],[94,127],[-5,40],[94,107],[188,67],[42,-19],[66,22],[68,-13],[57,23],[91,-24],[48,-76],[68,21],[64,-59],[84,-30],[33,-40],[62,4],[46,63],[123,-17],[215,36],[53,-21],[46,33],[159,-10],[54,-41],[68,29],[126,-12],[129,19],[186,96],[51,-23],[69,33],[48,-21],[120,46],[199,56],[17,-23],[157,-44],[78,63],[117,49],[92,10],[98,-66],[34,-51],[74,-10],[45,-48],[28,-110],[78,-45],[87,-5],[95,-98],[65,-16],[95,39],[99,-17],[73,-33],[175,54],[65,-51],[117,-19],[34,40],[101,38],[36,-26],[76,21],[92,67],[92,4],[110,-37],[41,-32],[75,-10],[18,-32],[109,-25],[146,-72],[53,28],[94,-64],[9,-60],[69,-45],[97,14],[114,-38],[55,-40],[-18,-54],[14,-79],[59,-13],[-8,-132],[71,-33],[86,40],[75,-7],[103,-81],[105,-18],[37,-41],[102,-24],[56,-68],[85,-17],[7,-36],[124,-65],[21,-86],[-31,-31],[40,-102],[10,-213],[-39,-40],[15,-78],[79,-51],[62,-83],[-23,-78],[97,-62],[71,24],[134,-17],[52,80],[55,17],[118,109],[19,64],[88,37],[28,196],[40,81],[113,93],[27,90],[241,102],[92,4],[105,57],[145,116],[73,17],[70,-166],[61,-68],[38,-10],[15,-65],[107,40],[68,-64],[51,73],[0,102],[72,21],[32,-24],[97,1],[98,-50],[138,31],[122,70],[58,-27],[46,54],[43,111],[-74,28],[67,76],[3,134],[23,29],[-15,81],[40,56],[-19,29],[122,81],[-29,79],[-56,10],[-49,61],[-90,-4],[-43,51],[-40,90],[9,34],[-28,111],[-105,65],[-5,151],[98,54],[23,-76],[100,1],[105,103],[78,34],[45,50],[152,34],[73,63],[82,33],[145,-19],[45,-37],[79,107],[100,93],[54,-8],[92,82],[125,4],[54,23],[103,-26],[117,127],[-25,73],[39,38],[82,7],[5,40],[64,90],[166,34],[98,-57],[-38,-137],[101,-63],[67,-8],[26,-43],[80,109],[-16,55],[73,30],[80,-101],[70,7],[54,-56],[177,-61],[101,-67],[96,61],[57,-28],[138,118],[65,29],[103,-2],[80,-47],[141,-32],[123,10],[38,-21],[295,-21],[32,-27],[121,-22],[81,97],[-15,44],[156,83],[22,65],[-14,51],[61,40],[161,-60],[40,61],[120,45],[100,-19],[90,10],[34,-47],[93,11],[90,43],[58,81],[108,82],[61,21],[57,63],[63,19],[164,-62],[76,37]],[[204971,53345],[-84,-89],[92,-9],[56,-30],[-10,-100],[15,-55],[52,-38],[-52,-240],[25,-124],[-37,-104],[-51,-239],[-4,-217],[65,-230],[71,-99],[142,-87],[-44,-99],[-14,-78],[18,-69],[-79,-170],[-2,-102],[36,-29],[-4,-109],[-56,-113],[-64,-37],[-263,-292],[-127,-167],[-89,-179],[-17,-141],[58,-26],[-8,-105],[-107,-94],[-97,-125],[-148,-224],[-39,-139],[40,-120],[83,-54],[-40,-173],[18,-57],[-35,-94],[32,-57],[-27,-160],[-77,-120],[-25,-101],[34,-56],[-65,-117],[-6,-80],[45,-24],[-104,-140],[-47,-130],[40,-78],[-54,-76],[23,-92],[-34,-20],[-55,-92],[-8,-95],[25,-31],[-10,-84],[-38,-38],[-3,-62],[-98,-108],[-129,-202],[25,-107],[-18,-98],[44,-34],[-44,-111],[9,-50],[-127,-146],[-47,-124],[-56,-97],[24,-64],[-17,-108],[-70,-60],[-53,-83],[-17,-76],[-84,-94],[-9,-94],[-91,-97],[-69,-133],[-24,-118],[15,-47],[-43,-58],[-26,-176],[25,-96],[-60,-99],[-30,-84],[-13,-119],[48,-59],[-16,-127],[25,-167],[26,-74],[93,-89],[142,-23],[44,-82],[-13,-43],[-100,-112],[-51,-101],[-20,-93],[23,-107],[75,-36],[-60,-79],[-181,-185],[-48,-71],[-36,-146],[-38,-74],[-14,-90],[37,-53],[-19,-165],[27,-32],[-128,-147],[-56,-94],[-26,-121],[39,-38],[39,-89],[-5,-51],[-213,-188],[-86,-103],[-43,-100],[28,-32],[-49,-84],[32,-71],[-103,-85],[-58,-79],[-20,-73],[41,-36],[-143,-148],[-73,-89],[-42,-102],[50,-75],[-203,-111],[-198,-147],[-98,-91],[-112,-133],[-41,-82],[-82,-90],[15,-127],[-91,-86],[-49,-100],[-11,-127],[28,-48],[80,-15],[26,-64],[100,-48],[-16,-45],[-86,-73],[-58,-103],[-12,-108],[78,-90],[-85,-181],[-19,-65],[14,-65],[57,-47],[-75,-33],[-251,-68],[-294,-126],[-104,-63],[-121,-115],[-69,-120],[-141,-46],[-106,-63],[-85,-99],[-17,-89],[-160,11],[-60,62],[-65,-67],[-139,-30],[-47,24],[27,103],[-71,-28],[10,-49],[-162,17],[-105,39],[-67,-58],[0,-47],[65,-5],[22,-52],[-127,-43],[58,-56],[227,49],[72,-29],[123,37],[55,-34],[78,40],[62,-13],[116,36],[86,-31],[-38,-121],[-61,-37],[-115,-5],[-42,-89],[-192,28],[-196,-40],[-203,-59],[-252,-92],[-258,-131],[-60,-52],[-2,126],[93,88],[-36,35],[-130,-16],[-16,-92],[54,-103],[-47,-64],[5,-82],[74,1],[-196,-132],[-39,-51],[6,-112],[-192,-119],[-66,-101],[-53,-17],[54,151],[-87,25],[-14,119],[-164,-6],[80,-95],[-55,-12],[-32,-149],[-84,27],[-47,-9],[-46,-72],[-85,-26],[13,-40],[88,3],[34,42],[65,-29],[-13,-62],[-86,3],[-71,-58],[36,-83],[58,10],[60,-57],[31,72],[-59,21],[114,66],[12,-81],[61,10],[33,72],[13,87],[38,28],[82,1],[-22,-154],[-44,-44],[9,-84],[-47,-79],[-80,-45],[-101,-88],[-28,-44],[-2,-77],[25,-60],[-198,-99],[23,57],[86,88],[-24,49],[169,183],[-42,42],[-88,-130],[-66,-9],[-44,58],[-45,-43],[42,-99],[-77,-6],[-39,-65],[-164,-93],[-8,-109],[108,-84],[109,90],[22,-52],[-57,-60],[-7,-73],[-157,-154],[-28,-92],[-8,-90],[-100,-128],[-68,14],[-140,-53],[35,87],[-41,30],[42,54],[-58,29],[64,43],[-24,31],[23,74],[-102,5],[-10,-51],[-56,-28],[83,-89],[-18,-50],[53,-26],[-98,-62],[-62,-105],[-90,20],[-68,-66],[-44,50],[34,60],[-52,51],[-111,7],[-205,118],[45,70],[-89,-5],[51,-108],[-25,-139],[105,74],[33,-57],[115,-25],[45,-66],[107,-98],[135,60],[46,-22],[-66,-90],[38,-53],[-72,-10],[-30,-37],[79,-82],[104,162],[55,-37],[-109,-214],[-45,-67],[13,-94],[-49,-216],[59,-43],[-16,-58],[-141,30],[1,-78],[-63,-30],[-137,-8],[-114,72],[-23,-54],[-203,20],[9,-59],[136,45],[42,-44],[79,14],[198,-53],[94,-16],[-7,66],[66,47],[12,-185],[-55,-31],[-45,-68],[-4,-105],[31,-27],[-59,-135],[-43,5],[-30,61],[-98,28],[-13,48],[-110,26],[-37,-33],[-30,-119],[-77,-40],[-124,50],[-17,-20],[131,-62],[44,-74],[83,32],[131,23],[7,36],[107,21],[-10,-103],[-97,-26],[-47,25],[-74,-22],[-37,-49],[5,-86],[56,-21],[-180,-182],[-148,-93],[-129,-67],[-188,-143],[-245,-319],[-20,-110],[37,-59],[-83,-83],[0,-98],[-26,-142],[52,-37],[-19,-60],[-84,-66],[-54,70],[-53,26],[-91,-20],[-57,-40],[-6,-110],[-65,-73],[133,-5],[17,48],[94,17],[26,-24],[-6,-96],[56,-115],[-101,-27],[21,-50],[-25,-105],[19,-100],[-38,-51],[-16,-79],[-61,-146],[-134,-46],[-105,-118],[-46,-128],[6,-123],[53,-66],[11,-58],[43,-22],[-17,-56],[31,-127],[48,-59],[83,-38],[30,34],[72,-26],[-54,-104],[31,-28],[-36,-82],[-94,-65],[-121,99],[42,118],[-51,30],[15,65],[-53,37],[-71,1],[-194,-87],[-52,-60],[6,-92],[52,-36],[23,-135],[25,-39]],[[189362,29174],[-87,20],[-63,74],[-4,99],[-96,39],[6,42],[-156,60],[-1123,-627],[-60,-108],[55,-149],[-83,-90],[11,-61],[-51,-52],[-28,-101],[27,-51],[-42,-32],[37,-247],[57,-71],[-72,-54],[52,-83],[-45,-40],[10,-53],[90,-39],[-36,-106],[28,-39],[114,-58],[25,-49],[94,-42],[12,65],[82,50],[26,-110],[14,-148],[-41,-53],[36,-27],[41,-113],[182,-140],[196,-27],[132,-70],[30,44],[16,94],[90,108],[50,115],[-1,85],[-34,83],[67,236],[-52,68],[9,101],[-36,26],[-34,183],[24,19],[202,-27],[-29,135],[63,130],[6,62],[-60,135],[41,132],[134,123],[75,108],[97,18],[66,42],[127,-26],[56,17],[130,-23],[41,-36],[156,66],[-25,84],[-120,24],[-9,26],[-118,53],[-158,19],[-134,104],[-10,63]],[[175073,18332],[-11,103],[46,150],[14,103],[145,-30],[62,-61],[98,-13],[131,33],[154,-10],[71,-87],[107,-69],[-97,-46],[-235,-15],[-65,-41],[-2,-47],[-56,-46],[-46,15],[-55,-49],[-223,83],[-38,27]],[[159499,19468],[21,991],[8,1043],[-3,520],[-7,279],[3,556],[-12,1138],[1,237],[-5,997],[-13,1294],[-3,848],[12,1230],[-2,1305],[-3,1269],[-2,682],[-7,807],[5,761],[60,-65],[19,-95],[62,19]],[[192052,21354],[-218,-92],[-34,-37],[-140,8],[-164,-13],[-147,-36],[-59,-64],[-94,-37],[-69,-87],[-50,-116],[-64,-48],[-51,-96],[-210,-51],[-79,-88],[-63,11],[-109,-20],[-182,-85],[-7,-50],[-464,-23],[-123,-11],[-229,-49],[-62,37],[-460,15],[-283,-9],[-434,-5],[-130,-18],[-173,8],[-120,-7],[-215,-36],[-83,-40],[-79,23],[-112,0],[-171,-21],[-54,15],[-545,8],[-340,-9],[-385,-38],[-291,-57],[-213,-57],[-167,-54],[-79,-10],[-263,-77],[-106,-18],[-359,-119],[-224,-88],[-298,-147],[-280,-163],[-311,-199],[-272,-189],[-824,-624],[-239,-172],[-169,-133],[-213,-153],[-330,-271],[-158,-144],[-162,-82],[-24,53],[-119,-7],[-17,-32],[-99,14],[-88,-43],[-20,-75],[-63,-7],[-68,-43],[-75,8],[-90,-22],[-39,-36],[-81,37],[-388,-49],[-43,-85],[-209,55],[0,-30],[-97,-18],[-82,24],[-93,-38],[-41,-56],[-80,8],[-13,117],[-108,44],[-74,-50],[-140,-26],[-88,25],[-56,-26],[-76,19],[-17,-54],[-105,-42],[-42,-87],[63,-72],[71,-46],[18,-79],[44,-35],[93,20],[-5,-76],[25,-113],[55,-19],[20,-131],[115,3],[45,78],[118,70],[174,38],[13,131],[54,51],[10,58],[109,-9],[38,-61],[-30,-108],[15,-42],[-24,-104],[66,-67],[3,-45],[-91,-84],[-92,-165],[35,-65],[-4,-68],[85,-18],[-30,-48],[63,-23],[3,-78],[-83,42],[-90,-39],[-20,-62],[44,-33],[-60,-111],[-114,-28],[-77,0],[-56,30],[-100,107],[64,117],[-58,64],[-190,154],[-20,82],[-125,184],[-179,168],[-221,130],[-136,52],[-80,16],[-110,-7],[-86,-43],[-43,-109],[34,-65],[-99,-62],[-120,-1],[-98,-39],[-25,51],[11,68],[-157,317],[-138,174],[-144,140],[-112,79],[-114,57],[-61,9],[-96,-23],[-111,-85],[-106,14],[-73,-20],[-153,84],[-80,124],[-178,186],[-70,43],[-86,9],[-96,41],[-186,1],[-30,53],[197,25],[58,70],[-52,77],[34,47],[13,96],[-35,56],[62,16],[148,2],[29,-26],[106,4],[58,54],[64,148],[-37,59],[-96,4],[23,128],[-87,85],[-35,130],[-128,53],[-106,14],[-41,-39],[-246,46],[-10,-52],[-111,-61],[-111,2],[-31,77],[-59,-44],[-123,-162],[8,-74],[-62,8],[-42,-82],[86,-76],[-18,-29],[16,-121],[-51,-38],[-60,20],[-206,29],[-121,-41],[-104,-76],[-63,-18],[-64,-91],[-24,-79],[-181,-37],[-89,8],[-96,-32],[-48,28],[-93,-15],[4,56],[-165,154],[-371,271],[-261,141],[52,23],[96,-42],[116,-24],[37,-60],[91,-59],[226,-38],[81,12],[232,61],[185,76],[70,77],[-41,28],[154,147],[0,81],[31,51],[101,48],[92,125],[89,42],[33,64],[4,173],[-35,106],[-80,126],[-141,97],[-75,-23],[-73,79],[-91,151],[-5,126],[-73,116],[-102,45],[-127,1],[13,-67],[-96,-19],[-32,30],[-217,-74],[-38,-85],[4,-61],[-138,-50],[-61,-6],[-162,-116],[-39,-2],[-138,-97],[-98,6],[-110,-15],[-110,-97],[-168,-43],[-31,-152],[-71,40],[-104,3],[-39,-32],[-127,8],[-53,36],[-59,-81],[-58,-27],[-34,-113],[104,-18],[64,-41],[57,52],[51,2],[72,-55],[102,-30],[167,15],[136,30],[70,53],[173,98],[220,-45],[97,-88],[0,-93],[-33,-84],[-63,12],[-97,-54],[-148,-160],[69,-51],[-94,-18],[-15,-52],[-235,66],[-134,-2],[-44,-58],[-232,31],[-207,-72],[-29,-30],[-149,-49],[-42,-68],[-51,-10],[-64,-66],[-123,-72],[-252,-100],[-9,-40],[-172,-22],[-97,-114],[-136,0],[-111,-23],[-205,-193],[25,-54],[-49,-63],[-88,-35],[-106,-71],[-42,-99],[-59,-31],[-96,-89],[4,-36],[-87,-25],[-18,-47],[-94,-1],[-454,-145],[-50,-45],[-36,-117],[-60,-31],[-104,-13],[-96,-78],[-18,-39],[-104,-86],[-160,-10],[-166,163],[-138,94],[-61,0],[-135,79],[-58,18],[-122,-2],[-71,17],[-166,-70],[-135,35],[-135,99],[-216,187],[-186,100],[-121,37],[-59,36],[-125,15],[-156,-9],[-151,47],[-149,18],[-30,45],[-163,71],[-107,30],[-207,144],[-72,35],[-204,136],[-149,78],[-143,89],[-257,97],[-68,-27],[-249,133],[-117,46],[-199,-36],[-28,12],[-173,-28],[-103,-95],[-124,-9],[-182,18],[-269,116],[-214,133],[-295,129],[-173,45],[-517,45],[-137,-22],[-145,-55],[-201,-108],[-32,-48],[73,-73],[6,-41],[104,-130],[-127,-6],[-131,21],[-75,-60],[-1,-58],[-67,-29],[-51,32],[13,56],[-34,52],[-210,96],[-132,0],[-64,-25],[24,-85],[-141,25],[-37,34],[15,56],[107,77],[-37,90],[-109,127],[-306,246],[-162,110],[-157,88],[-203,99],[-327,140],[-170,53],[-90,13]],[[174655,18044],[22,19],[172,60],[225,-8],[119,-30],[-69,-70],[90,-101],[62,17],[90,-13],[-69,-118],[-110,83],[-76,29],[-167,13],[-69,-74],[-108,46],[-173,31],[61,116]],[[179738,17117],[46,25],[94,-74],[-221,-117],[-186,57],[-105,118],[22,38],[127,12],[99,-46],[30,-59],[94,46]],[[180765,17487],[-121,-44],[-90,8],[34,84],[75,24],[205,-11],[-7,-32],[-96,-29]],[[179952,17181],[-87,-11],[-60,34],[71,61],[239,-12],[8,-38],[-171,-34]],[[165536,113402],[23,34],[87,-40],[-18,-41],[-92,47]],[[170691,115856],[-61,-51],[-19,46],[80,5]],[[166485,116040],[16,38],[69,13],[77,-50],[-115,-31],[-47,30]],[[165580,116360],[-84,-34],[10,58],[74,-24]],[[169651,117008],[-5,-77],[-47,-3],[-7,64],[59,16]],[[163689,114311],[59,-47],[-56,-28],[-3,75]],[[164386,117048],[-15,-34],[-171,31],[6,54],[79,-8],[101,-43]],[[164350,113795],[39,-31],[3,-51],[-75,-15],[-55,48],[88,49]],[[166253,115431],[-23,53],[66,8],[74,-78],[-59,-32],[-58,49]],[[186641,81300],[-9,-153],[-29,-19],[-85,29],[-24,77],[24,48],[-17,81],[65,30],[29,-59],[46,-34]],[[164017,113766],[28,-60],[-21,-82],[-70,-23],[-67,31],[44,62],[37,-10],[49,82]],[[163718,118057],[27,39],[121,30],[68,42],[103,26],[81,-102],[75,28],[104,-32],[-35,-84],[-125,-19],[-207,12],[-114,19],[-98,41]],[[163806,118144],[23,68],[55,-5],[5,-47],[-83,-16]],[[165727,117690],[65,-18],[128,51],[197,-18],[12,-34],[-169,-63],[-43,-67],[-126,-29],[-53,13],[-127,-14],[-114,25],[-102,47],[6,69],[163,76],[95,-36],[68,-2]],[[165655,117701],[62,50],[94,-15],[-21,-46],[-135,11]],[[179781,85535],[-5,137],[39,45],[-35,74],[134,-47],[66,-80],[32,-79],[164,32],[-32,-84],[-103,-34],[-61,37],[-172,22],[-27,-23]],[[180701,84115],[-112,66],[-46,82],[-42,26],[39,48],[92,-9],[92,12],[58,-14],[95,23],[-34,-118],[-83,-48],[-59,-68]],[[179440,86044],[21,22],[-37,95],[41,33],[42,-90],[-14,-118],[-53,58]],[[164106,113507],[39,52],[82,29],[121,-18],[48,-47],[19,-68],[-111,-85],[-102,-15],[-38,21],[-76,93],[18,38]],[[163868,115659],[-34,67],[108,8],[-74,-75]],[[178579,87143],[-60,80],[10,64],[-43,87],[12,59],[94,-89],[86,-10],[64,14],[16,-46],[-74,-176],[-2,-58],[52,-27],[58,-102],[92,-24],[27,-75],[-53,-15],[52,-75],[53,-20],[-90,-109],[-6,-127],[-78,-29],[-56,22],[-142,-6],[-103,42],[-34,89],[-42,46],[24,113],[-21,74],[-90,97],[-90,142],[-115,47],[-71,52],[-107,125],[134,48],[70,-4],[77,-35],[62,-57],[60,-12],[51,-44],[101,-21],[82,-40]],[[154148,91175],[-31,64],[-46,16],[-95,-22],[-41,-75],[-36,-12],[-53,72],[-23,83],[65,-2],[137,92],[49,104],[81,16],[68,116],[45,-70],[93,-84],[45,-126],[51,-48],[-66,-60],[-120,-18],[-20,-46],[-103,0]],[[152893,92250],[32,-31],[-171,-112],[-26,50],[12,65],[136,51],[17,-23]],[[154582,91107],[-22,89],[60,29],[36,89],[52,10],[-93,-144],[-33,-73]],[[153236,91498],[-67,-34],[-29,92],[96,-58]],[[178309,86894],[25,-36],[-2,-105],[-46,23],[-9,116],[32,2]],[[178255,87550],[11,85],[77,-17],[26,-41],[-46,-41],[-68,14]],[[178309,88276],[-77,42],[-46,51],[30,39],[96,-67],[-3,-65]],[[153102,92738],[-53,-22],[-65,8],[-45,109],[38,84],[171,123],[31,47],[5,82],[85,59],[0,47],[177,90],[69,60],[86,-16],[110,47],[83,0],[122,26],[163,-4],[86,61],[142,53],[81,75],[79,-27],[120,-20],[46,-61],[113,-93],[95,-4],[80,-96],[5,-110],[42,-73],[-88,-10],[-20,50],[-88,4],[-107,-51],[-119,-72],[-56,91],[-10,95],[-126,46],[-52,-99],[-101,3],[-75,-54],[25,-37],[95,-2],[16,-43],[-74,-18],[-78,11],[-58,-42],[45,-28],[-18,-174],[-83,-3],[31,-123],[-47,-24],[-79,1],[-32,92],[-52,27],[-86,-114],[-22,-68],[-45,5],[-94,-72],[-42,-69],[-41,18],[-49,-35],[-86,31],[-127,-23],[-40,78],[-66,8],[-17,156]],[[153057,92614],[15,-79],[-92,-63],[-51,26],[-26,89],[21,49],[92,71],[63,-36],[-22,-57]],[[171370,101277],[78,34],[38,-125],[-81,-5],[-76,17],[-29,56],[70,23]],[[155019,93311],[-60,17],[-25,39],[54,95],[49,-13],[15,-81],[-33,-57]],[[154045,92699],[41,22],[37,-43],[-47,-71],[-84,-12],[9,73],[44,31]],[[175684,99568],[36,73],[68,-52],[-24,-67],[-71,0],[-9,46]],[[171313,101389],[60,-36],[-49,-59],[-47,48],[36,47]],[[173917,100118],[80,49],[1,-66],[-81,17]],[[164373,114811],[-48,-63],[-100,-78],[-40,50],[-176,52],[-61,55],[-41,68],[72,89],[21,93],[91,62],[60,-9],[62,25],[142,-71],[52,9],[29,-94],[43,-25],[-12,-48],[-94,-115]],[[163667,115043],[-38,2],[-75,66],[-11,55],[126,143],[226,40],[38,-162],[-21,-152],[-30,3],[-69,-80],[-95,-6],[-51,91]],[[163945,113519],[56,-83],[77,-76],[44,-22],[16,-68],[86,-106],[-24,-98],[-50,47],[-83,-91],[-26,56],[-58,-12],[-79,-85],[-26,-67],[-101,29],[-44,90],[-59,41],[-39,105],[1,103],[69,81],[62,17],[19,41],[55,-3],[66,83],[38,18]],[[165769,112326],[-118,21],[-58,38],[0,40],[97,-5],[50,-25],[29,-69]],[[164626,112994],[37,122],[55,4],[-41,-85],[-51,-41]],[[196753,68713],[32,-24],[31,-106],[19,-135],[-49,-49],[-15,-83],[-58,44],[-72,3],[-77,-66],[-35,5],[-105,92],[-160,263],[-20,53],[-59,56],[-85,14],[-16,36],[-166,88],[-50,174],[-72,58],[-68,130],[-14,120],[72,14],[32,83],[88,-14],[61,25],[148,-135],[80,-8],[127,-66],[149,-1],[129,57],[2,-127],[-37,-121],[0,-149],[41,-42],[9,-73],[58,-68],[61,1],[19,-49]],[[188356,80448],[-54,33],[51,78],[27,103],[-14,103],[75,-8],[2,-154],[70,0],[-27,-64],[16,-79],[112,-42],[104,-132],[-93,-29],[-30,-44],[-49,43],[-120,-70],[-36,0],[-2,81],[-28,40],[-75,-45],[-23,80],[94,106]],[[191638,73875],[36,79],[-7,97],[50,140],[-7,33],[57,47],[41,2],[-15,-85],[64,-170],[28,-19],[-34,-72],[9,-73],[-16,-99],[-58,-91],[-44,-11],[-81,34],[34,53],[-57,135]],[[193843,73478],[-10,64],[82,9],[-21,72],[35,28],[-92,48],[69,50],[109,-63],[18,-112],[87,-74],[21,-42],[-50,-82],[-48,-11],[-62,-65],[-99,-40],[-26,49],[37,82],[-50,87]],[[188339,81020],[14,-78],[-56,-8],[26,-61],[7,-108],[-72,-39],[-81,23],[41,87],[-115,-45],[22,134],[53,5],[28,75],[43,31],[142,57],[-52,-73]],[[197066,68091],[-11,116],[-89,0],[-39,169],[52,-18],[36,-52],[85,-56],[75,-179],[-52,-54],[-48,20],[-9,54]],[[192188,74095],[23,-44],[-135,-95],[-28,-43],[-108,-46],[-44,68],[60,60],[70,1],[16,44],[146,55]],[[193033,75565],[-21,43],[21,117],[58,-39],[93,-22],[44,-62],[-98,-52],[-77,44],[-20,-29]],[[188767,79505],[-86,31],[89,65],[30,70],[-5,102],[78,-80],[0,-62],[-46,-1],[-51,-51],[-9,-74]],[[195532,70354],[-13,74],[55,18],[73,64],[35,-109],[-94,-15],[-56,-32]],[[193433,75369],[-46,-39],[2,-66],[-52,-26],[-74,46],[-29,54],[101,-3],[98,34]],[[193660,73448],[-21,51],[68,41],[-14,53],[41,73],[51,12],[27,-109],[-116,-43],[-36,-78]],[[190778,78371],[9,-40],[-41,-54],[-74,1],[-59,51],[20,26],[80,-11],[65,27]],[[190094,78120],[-32,81],[98,3],[26,-30],[-27,-64],[-65,10]],[[187986,80127],[77,-108],[-21,-71],[-54,54],[-20,93],[18,32]],[[188630,79760],[9,44],[57,16],[32,-56],[-80,-34],[-18,30]],[[189953,78157],[27,74],[42,-21],[35,-62],[-104,9]],[[192807,74529],[-18,-67],[-40,0],[-34,71],[92,-4]],[[189521,78596],[-9,43],[73,8],[7,-58],[-71,7]],[[195413,70740],[-62,7],[-10,47],[56,16],[16,-70]],[[202746,61636],[-5,-57],[78,9],[70,-47],[-18,-79],[-77,-25],[-8,-36],[112,1],[42,19],[95,-61],[34,-84],[-41,-58],[63,-45],[-21,-61],[-50,-3],[-20,-70],[74,-73],[-87,-58],[19,-79],[104,51],[-13,52],[44,70],[-54,16],[-14,55],[113,26],[5,79],[-45,56],[30,115],[64,45],[13,-139],[47,-143],[67,-88],[107,-78],[95,-16],[77,36],[-131,-252],[-130,-311],[-60,-173],[-73,-242],[-32,-138],[-22,-165],[26,-167],[30,-52],[59,-32],[85,21],[-63,-309],[-24,-210],[36,-50],[-18,-115],[12,-204],[29,-107],[45,-34],[58,4],[-11,-172],[9,-151],[52,-97],[-103,-26],[-13,-80],[-32,-48],[-6,-136],[-97,-30],[-70,-69],[-15,-61],[-55,-43],[82,-99],[25,-119],[108,-87],[36,-60],[113,-79],[-51,-38],[-77,-2],[-162,-91],[-124,-222],[29,-61],[47,6],[138,-35],[95,47],[11,-138],[-36,-103],[-55,19],[-48,-24],[-56,-70],[21,-104],[46,-66],[203,-95],[64,-9],[0,-98],[117,160],[48,-25],[-82,-112],[-33,-108],[19,-80],[78,-115],[91,-31],[136,1],[3,-106],[103,-1],[-41,-91],[45,-70],[64,-13],[17,-67],[-38,-37],[33,-77],[0,-157],[41,-122],[92,14],[30,-57],[125,16],[87,-119],[76,-9],[-2,-63],[-39,-57],[-147,-17],[-48,-108],[55,-42],[56,-118],[-30,-40],[54,-128],[7,-148],[69,-67],[30,-225],[46,-149],[99,-143],[170,-141],[99,8]],[[159620,50486],[0,1059],[0,882],[1,556],[0,906],[0,1197],[0,1095],[0,798],[0,1169],[0,824],[0,847],[0,951],[-872,0],[-1162,-1],[-1163,0],[-1160,0],[-1452,0],[-1452,0],[-1058,0],[-1119,-1],[-1402,0]],[[148781,60768],[0,398],[-1,1145],[0,447],[0,945],[0,1045],[0,1542],[0,697],[0,1059],[-1,1202],[0,1222],[-1,567],[-1,876],[0,994],[-1,1294],[0,797],[-2,1194],[0,1024],[-1,813],[0,565],[0,834],[-1,1110],[-1,934],[0,945],[-1,1309],[1,799],[-1,879],[0,644],[-1,1497],[-1,617],[0,725],[-1,1247],[-1,996],[0,747],[-1,1285]],[[148765,93162],[171,-122],[66,-82],[72,-51],[132,-121],[134,-68],[24,-28],[125,-69],[144,-48],[114,-24],[81,-55],[94,-34],[67,16],[138,-16],[112,-55],[91,-61],[82,13],[96,-34],[62,13],[165,-9],[242,25],[72,23],[104,-31],[66,-66],[284,-103],[121,-59],[133,-31],[51,-39],[223,-68],[63,27],[105,-44],[123,6],[76,-17],[139,-69],[-15,-45],[31,-85],[123,-93],[11,-48],[83,-50],[197,-83],[-43,-77],[-17,-70],[50,-311],[60,-156],[44,-67],[87,-181],[53,-77],[91,-78],[141,-82],[198,-80],[188,7],[86,-7],[106,-55],[109,-35],[128,-102],[72,-28],[73,-74],[-16,-23],[160,-57],[40,-74],[43,-39],[128,-70],[243,-37],[126,-96],[110,5],[93,-12],[46,25],[92,-87],[109,-47],[167,-48],[64,-47],[-2,-76],[42,-63],[110,-91],[131,-46],[101,-13],[168,-2],[411,69],[44,-13],[322,59],[92,5],[159,27],[128,53],[124,77],[52,-25],[196,62],[179,100],[79,16],[154,76],[91,66],[55,65],[140,91],[93,-8],[31,47],[92,72],[209,66],[189,250],[50,123],[24,166],[25,42],[21,195],[43,108],[75,142],[41,232],[-36,173],[40,145],[56,97],[136,100],[102,117],[92,124],[50,116],[6,102],[123,53],[95,76],[158,165],[72,99],[61,122],[43,234],[79,113],[57,-10],[11,52],[82,159],[31,124],[-12,56],[-53,62],[-4,60],[38,37],[75,153],[95,282],[11,138],[27,55],[167,240],[77,132],[36,94],[-4,54],[-73,124],[-64,256],[-69,117],[70,13],[59,143],[24,115],[29,382],[39,196],[51,205],[73,263],[39,93],[74,120],[119,296],[46,180],[64,83],[47,165],[13,125],[-10,45],[61,67],[117,97],[45,104],[-35,76],[56,131],[53,52],[28,158],[-23,78],[-98,119],[-158,323],[-19,145],[-65,256],[-4,114],[-45,221],[1,171],[-51,201],[-50,160],[21,129],[69,239],[48,130],[69,138],[56,147],[14,85],[-32,265],[20,136],[-35,99],[-61,104],[-219,215],[-137,184],[-18,70],[-6,192],[44,205],[37,113],[35,201],[14,188],[29,141],[43,152],[99,224],[142,146],[53,96],[92,235],[188,222],[50,131],[-19,95],[-39,66],[-80,46],[-35,102],[-67,51],[-28,165],[-28,66],[19,70],[-20,143],[-65,49],[-45,64],[65,153],[99,123],[76,-7],[73,81],[57,38],[88,15],[37,50],[55,24],[83,113],[133,327],[38,174],[52,22],[68,-55],[87,-19],[40,69],[-66,41],[-58,-18],[-27,84],[103,19],[102,77],[17,70],[-75,12],[-85,-20],[-54,10],[-44,-29],[-33,52],[-122,42],[-38,75],[-51,54],[-164,59],[-50,-50],[9,-39],[-41,-55],[-93,-1],[-133,-71],[-119,62],[94,237],[114,219],[141,351],[48,154],[7,64],[47,107],[57,35],[78,148],[152,326],[90,183],[53,55],[55,106],[107,103],[95,3],[-72,-108],[45,-94],[70,-112],[-8,-100],[31,-154],[28,166],[93,98],[43,-6],[88,-54],[65,71],[-39,86],[-108,116],[-80,-4],[-28,26],[2,96],[28,208],[43,220],[56,150],[88,81],[4,76],[47,198],[29,17],[9,83],[60,180],[30,125],[57,103],[109,273],[71,244],[32,213],[-1,220],[-22,72],[72,82],[21,95],[8,125],[36,56],[-45,199],[-1,85],[-68,197],[34,110],[77,58],[134,60],[83,-26],[115,43],[118,-27],[103,55],[33,-14],[133,92],[38,108],[100,87],[16,67],[50,79],[7,58],[46,82],[-13,39],[55,65],[33,-34],[80,-7],[103,15],[107,72],[111,-113],[107,-18],[65,-51],[-98,-140],[-55,-41],[-11,-43],[-74,-92],[-78,-27],[-19,-42],[10,-168],[-36,-18],[-32,-77],[8,-65],[158,165],[11,55],[104,76],[51,5],[99,-83],[8,-82],[-34,-60],[49,-33],[54,22],[108,-26],[47,-92],[58,-15],[53,24],[123,-84],[22,-48],[-10,-67],[65,-103],[69,-59],[15,-141],[-8,-44],[39,-86],[-11,-117],[-45,-120],[41,-122],[-6,-62],[34,-52],[67,-6],[29,-72],[42,-18],[83,-134],[17,-88],[-129,-173],[-20,-151],[46,-47],[-15,-232],[62,-94],[-2,-111],[27,-53],[6,-132],[-7,-161],[12,-88],[-35,-149],[-1,-117],[13,-71],[55,-32],[17,-45],[86,-13],[34,-63],[132,-35],[88,-105],[97,-18],[155,10],[238,124],[150,-76],[3,-76],[88,-114],[163,54],[99,-50],[-38,-37],[-89,32],[-88,-54],[-185,-342],[-81,-107],[-69,-122],[-20,-139],[34,-72],[-39,-99],[28,-17],[-45,-123],[-14,-144],[52,-41],[274,-14],[92,-11],[75,-40],[59,-69],[131,-43],[20,-34],[-6,-110],[26,-54],[-18,-47],[17,-55],[-9,-91],[86,-75],[11,-49],[126,-72],[62,7],[144,-108],[70,6],[87,-97],[-112,-119],[-24,-141],[-34,-57],[-32,-127],[-37,-41],[-50,-137],[9,-110],[-20,-54],[-14,-128],[173,3],[32,73],[152,59],[89,-52],[83,13],[73,56],[96,-3],[-43,-88],[-70,-107],[-40,-92],[-12,-80],[53,-29],[-29,-82],[37,-82],[-29,-108],[23,-71],[-23,-50],[-16,-166],[11,-81],[54,-79],[-12,-163],[0,-135],[21,-60],[9,-149],[47,-106],[76,-59],[76,-22],[26,-107],[32,-29],[2,-98],[-41,-106],[-24,-123],[27,-120],[-91,-140],[-51,-199],[-2,-129],[-16,-144],[-40,-101],[60,-175],[86,-85],[34,-74],[39,-32],[29,-83],[4,-87],[72,-176],[57,-76],[151,-101],[15,-95],[35,-93],[15,-154],[21,-52],[-13,-199],[28,-111],[68,-126],[72,-268],[72,-147],[68,-105],[80,-90],[199,-145],[153,-39],[96,7],[71,-40],[42,32],[84,-9],[124,26],[152,52],[125,72],[117,137],[52,1],[103,112],[87,114],[21,90],[0,125],[-18,50],[76,25],[59,-51],[42,17],[89,-109],[86,-7],[76,-36],[118,21],[47,39],[66,7],[76,60],[111,28],[127,122],[73,124],[39,92],[101,-19],[54,-106],[73,-98],[56,-22],[77,-83],[-56,-164],[24,-75],[8,-114],[138,8],[72,30],[6,-62],[-30,-35],[-59,-136],[-19,-177],[23,-50],[111,-60],[57,-74],[46,-93],[110,-15],[173,15],[44,22],[24,-160],[97,-19],[28,-33],[81,-21],[163,16],[96,-17],[44,-79],[17,-100],[59,2],[31,-67],[-14,-42],[19,-132],[59,-40],[120,-13],[16,-84],[54,-59],[246,-31],[56,-56],[104,-51],[28,8],[126,-38],[39,16],[150,11],[-41,-116],[15,-53],[74,-61],[10,-36],[68,-49],[58,-95],[61,-30],[61,35],[50,-11],[44,38],[41,-26],[-16,-108],[-211,-202],[-145,-230],[-52,-111],[15,-182],[85,-184],[31,-30],[147,-8],[63,43],[15,67],[76,-120],[-146,-90],[-84,-71],[-26,-45],[53,-68],[-44,-66],[9,-43],[-97,-79],[-48,-59],[-30,-76],[5,-68],[55,6],[54,-56],[20,-119],[-26,-97],[59,-77],[63,24],[51,-49],[32,-131],[-43,-31],[11,-138],[56,-32],[2,-43],[100,-152],[26,-146],[-58,-145],[21,-89],[69,-31],[-76,-181],[5,-65],[85,-42],[49,-57],[34,0],[85,-112],[24,-86],[58,-37],[48,-93],[0,-93],[40,-60],[-58,-107],[3,-49],[-51,-102],[-2,-153],[88,-35],[4,-85],[39,-17],[-15,-118],[-62,-52],[-38,-2],[-34,-66],[-78,-96],[-22,-130],[28,-40],[-45,-150],[21,-118],[60,-32],[130,-7],[15,-126],[143,-189],[48,-107],[157,-155],[57,-142],[149,-47],[107,-101],[69,-28],[6,-73],[41,-62],[133,-76],[81,-150],[109,-87],[-34,-62],[-1,-67],[59,-52],[41,38],[69,15],[102,99],[49,-6],[33,-82],[68,-12],[98,64],[71,78],[96,-88],[-91,-126],[22,-44],[-107,-112],[-34,-78],[13,-28],[-34,-87],[4,-116],[87,-78],[47,-104],[68,-41],[15,-89],[46,-51],[-1,-112],[20,-27],[12,-120],[42,-21],[39,-73],[47,-171],[44,-81],[53,-44],[41,-71],[72,-24],[23,-33],[-31,-169],[10,-72],[38,-37],[-2,-70],[-28,-81],[69,-90],[9,-38],[88,-65],[73,-98],[17,-97],[31,-45],[-64,-52],[-65,-100],[-32,-119],[29,-147],[-61,-59],[-13,-54],[50,-48],[-21,-45],[53,-90],[-52,-106],[-11,-145],[-21,-63],[4,-89],[-80,-77],[-51,-103],[-66,-82],[-28,-110],[-80,-127],[-2,-179],[38,-215],[29,-92],[84,-68],[193,-227],[122,-67],[82,-99],[41,-174],[80,11],[-12,-100],[93,5],[53,-59],[116,-17],[119,-47],[67,-47],[54,5],[60,-115],[-27,-199],[-66,-115],[7,-57],[-70,-146],[-60,-194],[-35,-214],[11,-153],[44,-83],[143,-156],[22,-60],[97,-37],[61,-105],[91,-34],[117,-162],[68,-69],[47,1],[78,-66],[84,-15],[96,-61],[81,-92],[124,-18],[113,-76],[83,-19],[133,-60],[52,1],[79,41],[149,-10],[28,-15],[21,-119],[37,-55],[54,3],[39,-38],[112,-20],[4,-61],[88,-82],[89,-29],[230,43],[61,32],[101,147],[8,50],[51,36],[-13,84],[81,-57],[19,-107],[50,-52],[1,-64],[-48,-5],[4,-83],[71,-152],[167,-152],[-12,-33],[57,-87],[31,53],[181,-16],[95,-40],[85,16],[44,-47],[127,39],[79,46],[204,-41],[102,6],[79,-28],[113,18],[77,117],[41,-160],[61,-129],[96,-70],[72,-121],[31,-1],[68,-123],[73,-293],[69,-6],[49,-108],[-58,-30],[-55,-118],[53,-111],[105,-105],[109,-67],[39,-71],[134,-44],[84,18],[119,-4],[29,35],[-31,142],[-63,50],[-2,44],[51,118],[-22,53],[92,-9],[159,3],[81,-61],[16,-198],[42,-203],[84,-112],[44,-19],[57,-70],[91,-52],[226,-20],[60,39],[34,67],[203,23],[50,-131],[58,-56],[185,-57],[87,43],[126,-48],[57,-85],[99,0],[9,-102],[-78,-16],[-66,-67],[32,-57],[167,-80],[-24,-73],[93,-38],[63,-87],[68,-16],[9,-42],[171,-36],[37,10],[106,-21],[69,76],[44,3],[28,60],[-43,52],[-45,0],[-11,127],[41,50],[81,-18],[96,-89],[104,-11],[68,73],[62,-10],[-41,-64],[12,-79],[73,-82],[-3,-52],[57,-66],[-32,-71],[51,-18],[60,-65],[69,21],[-19,80],[62,59],[-1,-129],[55,-15],[25,-60],[49,9],[-14,-181],[121,71],[78,-27],[14,43],[62,4],[-4,73],[76,-23],[9,-92],[75,-37],[-100,-66],[91,-53],[76,-20],[92,-106],[-27,-72],[28,-81],[-11,-74],[77,-110],[82,-76],[8,-53],[144,-106],[-14,-46],[-100,-29],[-27,59],[-103,-14],[-40,82],[-75,8],[7,96],[-31,40],[38,70],[-52,68],[-84,20],[-58,-54],[28,-111],[-69,-48],[-46,14],[-53,-29],[-78,72],[-62,-25],[59,-52],[6,-39],[-37,-89],[-91,-105],[-63,-111],[86,-55],[7,-78],[43,-59],[67,-9],[-2,-70],[-42,-28],[95,-62],[-7,-94],[161,-52],[20,-105],[77,-45],[99,-3],[-48,-91],[-58,-16],[137,-69],[37,-67],[-17,-85],[82,16],[70,35],[16,-70],[104,-50],[32,29],[113,-25],[56,-34],[30,31],[81,-69],[44,0],[42,50],[72,-32],[-21,-82],[-54,24],[-29,-155],[37,-60],[122,42],[89,-4],[96,-92],[69,25],[89,-22],[-6,-50],[46,-71],[59,10],[32,-77],[53,-70],[72,21],[-30,-207],[-81,-22],[15,-59],[-35,-104],[12,-90],[33,-24],[28,-79],[-53,-91],[22,-56],[70,71],[119,63],[29,-87],[107,-50],[7,-189],[64,-48],[14,-59],[-14,-64],[-71,-86],[135,13],[20,-52],[-145,-7],[-18,-42],[8,-105],[-31,-52],[47,-75],[70,63],[60,17],[68,-13],[25,-50],[105,35],[-40,-142],[75,-33],[140,-35],[33,-75],[72,145],[60,2],[5,-125],[-46,-64],[-72,-46],[-47,-98],[-1,-68],[57,-97],[13,-167],[-89,-81],[-10,-154],[25,-46],[87,-40],[31,-61],[-34,-123],[14,-179],[54,-97],[28,-104],[78,-68],[48,-80],[-26,-83],[2,-72],[94,-202],[38,-21],[14,-147],[55,-161],[101,-106],[-12,-69],[99,-52],[100,-113],[21,-87],[123,26],[76,-32],[64,31],[122,-92],[-63,-38],[-11,-143],[28,-31],[71,55],[45,137],[97,-6],[63,-74],[81,-49],[68,-165],[69,-92],[121,-54],[18,-44],[128,-61],[103,-162],[91,-165],[51,56],[-71,122],[-32,125],[3,56],[-65,79],[-41,140],[-38,35],[-83,191],[-31,38],[-67,148],[51,4],[7,73],[-52,25],[11,137],[51,74],[43,152],[73,123],[83,36],[66,71],[71,-14],[39,61],[95,-30],[7,-45],[64,-4],[22,-104],[82,-172],[93,-70],[56,-22],[21,-155],[126,-69],[-48,-54],[-5,-67],[79,-35],[81,-67],[157,-37],[50,10],[69,-28],[5,-39],[82,-31],[40,-50],[251,-137],[8,-52],[70,-8],[79,-81],[92,-13],[110,-40],[154,-80],[79,-20],[23,-34],[69,42],[-89,143],[5,63],[-59,66],[13,29],[-84,92],[26,154],[-25,82],[24,105],[38,27],[19,66],[38,25],[71,-46],[145,-8],[72,-53],[-30,-119],[73,-110],[-27,-70],[35,-18],[15,112],[19,21],[-68,110],[106,17],[27,-170],[57,-88],[99,-27],[59,4],[42,-77],[-67,-19],[-38,-49],[-10,-88],[-101,25],[-46,49],[-106,15],[64,-154],[63,-70],[106,-10],[19,-81],[-27,-60],[20,-52],[70,-14],[4,116],[50,43],[14,63],[-30,97],[85,-9],[37,-83],[-24,-59],[-24,-158],[23,-111],[84,-8],[0,-78],[96,-45],[-67,-229],[-22,-149],[-33,-105],[-33,-173],[-3,-162],[13,-68],[-49,-64],[-33,-361],[-58,-128],[-5,-105],[43,-22],[43,-79],[64,9],[4,-131],[-16,-27],[64,-74],[37,29],[45,-114],[-18,-71],[-140,-118],[24,-41],[1,-114],[42,-131],[39,-78],[72,-91],[132,-129],[-38,-73],[-39,-17],[-164,19],[14,-56],[135,-65],[121,-19],[23,-108],[170,99],[95,-30],[-2,-161],[47,32],[8,118],[190,-52],[13,-73],[50,-111],[104,-51],[84,-61],[94,-47],[44,-78],[-33,-52],[80,-46],[44,-82],[-54,-70],[81,-23],[44,-53],[-52,-19],[29,-67],[76,-34],[100,8],[34,24],[77,-56],[68,-11],[35,-69],[143,-14],[53,-162],[77,-101],[175,-102],[81,-74],[29,-128],[-36,-72],[64,-51],[48,43],[78,12],[-130,100],[-15,73],[107,-1],[123,-63],[154,-55],[-132,-39],[73,-79],[-35,-17],[28,-72],[108,5],[14,111],[67,33],[127,9],[92,-91],[91,-48],[20,110],[-28,48],[-86,63],[-90,41],[-25,66],[17,31],[129,3],[97,-38],[57,-56],[134,-82],[68,-8],[10,64],[77,-25],[-3,-135],[71,-215],[62,-78],[95,-72],[187,-30],[61,-72],[63,-43],[52,-79],[34,-14],[46,-176],[50,-110],[58,-186],[88,-218],[127,-213],[83,-81],[117,-172],[46,-36],[156,-163],[115,-67],[49,-8],[105,-65],[76,-76],[178,-102],[195,-56],[88,34],[129,-92],[29,-59],[124,-93],[101,-192],[32,-214],[-22,-114],[19,-91],[77,-137],[100,-137],[72,-140],[92,-83],[170,-89],[-65,-75],[-134,24],[-31,-51],[93,-20],[72,15],[96,-121],[95,-94],[216,-72],[149,-7],[133,20],[29,67],[51,-14],[21,-96],[68,-25],[185,1],[39,-36],[-46,-71],[22,-102],[36,-71],[-28,-44],[23,-76],[-25,-66],[-47,-51],[-100,-46],[-52,-88],[41,-48],[45,68],[68,39],[82,8],[53,74],[72,-40],[-28,-61],[-73,-29],[-94,-89],[33,-105],[-26,-53],[-104,-62],[18,-54],[-4,-132],[53,-13],[33,-99],[-16,-41],[38,-60],[-51,-47],[107,-73],[-38,-41],[26,-60],[61,-9]],[[204102,64334],[47,-28],[94,-14],[7,-115],[19,-25],[-27,-79],[-92,-167],[-215,-444],[-225,-438],[-277,-597],[-100,-252],[-55,-180],[-23,-170],[11,-115],[33,-123],[-43,-118],[-102,-14],[-72,34],[-51,59],[-29,89],[-42,39],[-25,91],[5,56],[-63,139],[1,91],[-28,62],[-74,60],[23,117],[48,38],[29,62],[52,42],[11,88],[-23,69],[11,52],[77,130],[95,101],[63,126],[-4,87],[-38,148],[27,66],[-25,112],[-87,-20],[-71,14],[10,61],[113,113],[143,63],[213,152],[123,110],[123,154],[115,187],[13,183],[-30,63],[-173,240],[-75,58],[-119,63],[218,227],[104,74],[136,63],[60,-7],[-24,-385],[5,-134],[33,-145],[51,-108],[99,-105]],[[204423,55619],[31,83],[50,21],[59,194],[-2,66],[55,21],[105,-95],[164,-35],[50,-38],[-55,-84],[-91,-211],[-101,-277],[-45,-177],[-30,-201],[-101,-89],[-49,7],[-67,108],[33,49],[-8,106],[78,67],[-51,113],[23,50],[-17,194],[13,72],[-44,56]],[[204292,56896],[19,60],[-8,122],[-21,46],[101,62],[82,11],[154,54],[49,-16],[-84,-218],[-75,-275],[-22,-151],[-2,-198],[22,-99],[38,-50],[-45,-52],[-60,113],[-27,93],[-74,127],[-43,118],[25,111],[-38,119],[9,23]],[[203460,57713],[85,-288],[82,-187],[70,-102],[29,-83],[-36,-50],[-108,-13],[-46,94],[-71,63],[-13,63],[-118,73],[-31,89],[-49,34],[8,61],[41,60],[-55,81],[9,43],[165,89],[38,-27]],[[204535,54617],[4,-117],[-47,-136],[-31,32],[-7,119],[57,46],[24,56]],[[204425,55124],[-46,-47],[24,-114],[-36,-60],[-71,46],[45,65],[-44,24],[19,82],[109,4]],[[202667,62381],[-26,69],[88,80],[51,12],[36,-55],[-39,-65],[-110,-41]],[[204371,54641],[91,-10],[-61,-103],[-75,33],[68,56],[-23,24]],[[203827,56177],[41,57],[72,-37],[-47,-65],[-66,45]],[[132687,39202],[-9,55],[33,48],[117,-14],[98,17],[32,-37],[-41,-94],[-100,-18],[-61,-36],[-69,79]],[[135963,34172],[51,87],[13,148],[213,55],[36,-119],[-71,-18],[-66,-73],[-174,-117],[-2,37]],[[146437,31710],[48,65],[41,-22],[20,-97],[-60,-113],[-81,13],[-4,135],[36,19]],[[131758,38416],[-26,57],[109,25],[-29,-82],[-54,0]],[[116276,41280],[0,1118],[0,2045],[0,1570],[0,4357],[0,3141],[0,4695],[0,1139],[0,808],[0,609]],[[116276,60762],[1103,0],[796,0],[1322,0],[1279,0],[1017,0],[773,0],[988,0],[1283,0],[1173,0],[1260,0],[1046,0],[603,0],[1246,0],[960,0],[1401,0],[808,0],[1365,0],[1012,0],[1170,0],[784,0],[884,0],[1295,0],[1013,0],[708,0],[894,1],[1506,1],[903,1],[1204,1],[937,1],[869,0],[903,1]],[[159499,19468],[-230,27],[-103,-10],[-113,33],[-124,-26],[-65,13],[-81,-40],[-184,18],[-197,-29],[-73,65],[-127,46],[-128,20],[-69,54],[-127,55],[-98,103],[-128,81],[-122,20],[-157,110],[-64,134],[-117,166],[-33,78],[-184,267],[-153,167],[-144,133],[-258,160],[61,53],[-5,62],[-81,79],[-110,58],[-60,62],[-99,33],[-63,-47],[-123,74],[-124,129],[-59,38],[-72,99],[-75,49],[-86,133],[-123,106],[-128,158],[-139,220],[-63,50],[47,61],[85,-11],[63,64],[4,72],[-47,101],[-57,55],[-79,18],[-19,97],[11,76],[-74,80],[-103,66],[-83,78],[19,56],[75,6],[185,105],[116,37],[141,105],[64,67],[51,87],[41,190],[6,173],[-9,104],[-55,198],[-88,248],[-123,301],[-282,536],[-196,310],[-232,320],[-146,178],[-240,263],[-255,248],[-300,263],[-224,179],[-204,150],[-395,257],[-256,150],[-291,152],[-227,100],[-255,87],[-180,51],[-204,29],[-74,-67],[-215,-37],[-117,-117],[23,-39],[-133,-62],[-155,-116],[-152,31],[-191,10],[-75,-39],[-398,8],[-124,-11],[-155,-70],[-113,-11],[-96,14],[-131,54],[-119,73],[-6,71],[78,73],[28,72],[166,146],[89,-18],[108,46],[240,129],[184,273],[147,75],[103,15],[108,53],[27,132],[-15,142],[52,25],[43,84],[4,95],[-20,130],[14,33],[-7,146],[101,159],[79,163],[-29,130],[4,69],[-45,107],[-79,278],[47,130],[-3,77],[-37,46],[97,68],[40,-30],[-21,-99],[22,-36],[89,-7],[36,26],[0,61],[-36,102],[-55,69],[-117,56],[-77,84],[-149,99],[42,76],[-130,160],[-44,8],[-107,64],[-43,51],[-74,147],[-100,50],[-147,110],[-21,137],[-64,164],[-54,68],[20,75],[-30,116],[-99,123],[-131,6],[31,117],[-30,100],[-47,60],[-204,203],[-77,-30],[-80,-102],[-55,-108],[-13,-70],[-67,-46],[-26,-87],[71,-79],[-22,-137],[-29,-83],[-76,-72],[-146,-100],[-107,-108],[-62,-214],[-48,-74],[-4,-180],[-30,-107],[113,-58],[-22,-59],[-55,-47],[-34,-75],[15,-92],[-43,-94],[-5,-77],[-33,-99],[17,-22],[-114,-110],[-114,-222],[-14,-98],[-43,-139],[-38,-44],[-60,-133],[25,-145],[-134,-29],[78,-123],[-18,-63],[56,-38],[-98,-57],[-159,-58],[-23,-60],[-159,-9],[-98,75],[-201,99],[-122,13],[-36,-18],[-156,64],[-157,8],[-184,-78],[-77,-46],[-65,-116],[-123,-2],[-146,32],[-79,-18],[-96,-65],[-75,-87],[-9,-74],[-159,-44],[-344,71],[-171,-2],[-115,-99],[-10,-51],[-76,-7],[-7,-45],[-160,-13],[-61,-50],[-44,47],[-72,17],[-76,108],[6,52],[54,19],[1,136],[70,-15],[87,34],[17,76],[141,77],[50,117],[45,56],[-17,83],[-81,136],[137,101],[-6,68],[31,89],[126,100],[-13,79],[141,-22],[104,-50],[294,10],[150,51],[81,-13],[197,36],[49,-21],[49,-82],[60,-25],[96,6],[50,-69],[53,-13],[123,40],[142,108],[30,71],[8,272],[61,162],[7,83],[36,96],[17,144],[47,72],[13,83],[-9,140],[-113,217],[39,132],[-23,154],[-47,31],[-82,-46],[-16,-63],[-43,-39],[-49,64],[85,79],[33,104],[90,1],[36,90],[6,96],[54,84],[-6,123],[11,192],[-60,120],[-69,74],[-54,105],[240,15],[37,91],[62,68],[88,154],[-30,73],[-102,72],[99,42],[19,59],[138,124],[104,47],[-5,66],[-102,86],[55,40],[94,115],[305,218],[35,104],[134,140],[87,40],[134,147],[97,53],[63,104],[49,30],[96,3],[63,47],[102,-3],[42,84],[-116,-3],[-22,22],[19,123],[-38,29],[-11,66],[-75,144],[-139,143],[13,108],[30,20],[-6,126],[-72,-21],[-66,42],[-92,103],[-16,87],[93,185],[149,81],[115,38],[63,-9],[41,57],[66,-15],[66,59],[88,4],[59,-58],[110,87],[22,74],[-64,38],[20,89],[-84,142],[-68,42],[-124,22],[-48,36],[22,57],[-66,142],[-56,252],[-44,73],[-37,177],[3,84],[142,72],[-80,40],[-118,99],[-160,57],[61,33],[25,89],[-48,57],[-61,28],[-120,105],[58,89],[54,23],[-43,47],[-149,31],[8,79],[-120,-2],[31,-91],[23,-150],[-50,-265],[23,-56],[-20,-92],[78,28],[131,-120],[-48,-118],[48,-175],[2,-66],[-66,-64],[24,-77],[-33,-76],[-130,20],[-14,-42],[28,-81],[59,-79],[32,-83],[-132,-7],[-92,17],[-32,56],[-75,49],[-110,30],[-96,-27],[-82,-53],[-60,-83],[17,-67],[-15,-59],[-80,-33],[-136,-143],[-4,-30],[-153,-84],[-110,-30],[-72,-80],[-13,-226],[-88,-129],[-26,-59],[-86,-82],[-22,-162],[26,-114],[-85,-128],[-1,-81],[-126,-72],[-107,-158],[-70,-216],[-46,-31],[-42,-105],[-92,-98],[-62,-91],[-99,-33],[-52,-59],[-157,-35],[-197,7],[-127,-38],[-33,-34],[-128,-22],[-144,-102],[-336,-146],[-208,-17],[-79,-95],[-181,-18],[-132,-100],[-168,-74],[-184,-40],[-79,-86],[19,-60],[-236,-135],[-25,-26],[-126,-45],[-81,-11],[-305,-221],[-60,-105],[27,-68],[-82,-96],[-28,-118],[-84,-47],[-126,-151],[-20,-98],[-144,-137],[-116,-89],[-206,-30],[-81,-74],[-17,-59],[56,-84],[-99,-77],[99,-15],[-19,-84],[28,-31],[-42,-168],[-39,-18],[-86,54],[4,67],[-53,23],[-122,-8],[-41,-89],[-124,-20],[-90,13],[-95,-67],[-99,-192],[26,-82],[73,2],[5,-85],[-74,15],[-64,48],[-123,-68],[-23,-102],[-2,-170],[94,-19],[-3,-137],[-117,25],[-132,-100],[-86,-96],[175,-30],[94,39],[132,11],[119,124],[87,26],[25,-79],[81,2],[24,47],[2,141],[59,-34],[22,-84],[-40,-62],[8,-62],[-36,-96],[-124,-72],[13,-98],[46,-102],[40,-17],[21,-65],[-17,-77],[53,-81],[-69,-45],[-86,-8],[-68,21],[-45,128],[-70,40],[-166,59],[-15,69],[-45,63],[-110,45],[-192,38],[-100,-4],[-84,-25],[-38,-144],[-49,-55],[-15,-77],[-105,31],[-56,-20],[-74,12],[16,107],[-69,100],[-188,164],[5,14],[-188,145],[-27,61],[-72,76],[-237,152],[-105,44],[-124,21],[13,105],[-26,72],[-66,68],[-91,40],[-78,100],[-88,57],[-86,28],[-96,-40],[-102,1],[-98,-61],[-11,-65],[-52,6],[-10,115],[28,42],[-15,55],[49,29],[9,61],[98,127],[61,37],[18,69],[52,0],[24,-209],[163,-52],[123,4],[68,-62],[-55,-69],[20,-44],[164,-53],[26,-48],[-24,-48],[38,-56],[110,-12],[5,-49],[67,-1],[131,27],[12,47],[96,-4],[142,22],[-202,82],[-105,-56],[44,115],[6,113],[-157,66],[-14,-68],[47,-84],[8,-87],[-89,-22],[38,94],[-16,69],[-63,74],[4,47],[61,54],[-27,186],[-104,70],[22,128],[-32,54],[12,80],[-30,190],[-26,93],[-104,203],[-84,92],[-74,19],[-111,75],[123,111],[-7,99],[29,49],[-44,127],[5,65],[-66,119],[-87,104],[-103,95],[-63,156],[-70,-1],[-41,68],[-81,76],[-169,109],[-51,68],[-152,138],[-148,91],[-173,88],[-64,50],[-268,153],[-17,135],[82,153],[-9,147],[-63,256],[-60,167],[-91,183],[-151,71],[-73,109],[-100,43],[-55,-1],[-31,46],[-89,58],[197,8],[0,115],[-66,84],[-119,40],[-119,-4],[-118,72],[-155,-69],[66,-96],[107,-28],[64,8],[73,-97],[-42,-70],[-85,90],[-127,88],[-95,8],[-21,30],[-128,67],[-203,57],[-126,-15],[-110,-82],[-58,-9],[-33,166],[-72,50],[-29,57],[-90,25],[-98,121],[-62,-24],[2,-79],[118,-119],[62,21],[51,-69],[87,-23],[-16,-75],[10,-102],[-75,-30],[-40,42],[-207,118],[24,48],[-27,151],[-23,1],[-56,147],[-51,40],[-85,16],[-110,-54],[-81,75],[6,44],[68,23],[83,-22],[55,95],[-13,83],[-83,108],[-63,25],[-123,-32],[-30,67],[-46,8],[-55,-48],[-71,46],[21,104],[79,24],[118,65],[23,83],[-67,162],[-104,119],[-64,35],[-47,60],[108,37],[62,-33],[137,6],[70,-59],[125,-43],[-36,-71],[28,-87],[54,1],[69,49],[2,64],[118,111],[29,68],[55,34],[-14,51],[39,79],[-42,28],[-18,153],[-41,121],[-59,80],[-242,234],[-73,45],[-160,52],[-117,-11],[-28,-43],[-133,36],[-126,-55],[-55,-48],[-3,-53],[-165,39],[-88,-7],[-97,-111],[-97,-32],[-71,100],[54,85],[-42,73],[61,142],[-5,65],[80,12],[-4,-86],[114,-18],[102,57],[19,69],[-63,33],[-119,218],[-77,45],[-47,88],[-151,142],[-68,14],[-36,-65],[-85,-36],[-65,105],[24,26],[-33,73],[-138,30],[-115,7],[38,126],[-83,72],[4,95],[-101,39],[-155,39],[-68,-38],[-32,-88],[39,-70],[-102,-60],[-73,-23],[-49,50],[-65,-12],[-35,30],[27,59],[-96,96],[-53,-7],[-41,-57],[-183,-64],[-17,-36],[25,-69],[92,-12],[-1,-78],[-63,-11],[-264,62],[-206,-11],[-74,-79],[-94,51],[-191,68],[-117,-10],[-3,-74],[-63,19],[28,69],[-131,122],[-163,104],[-170,72],[-91,-49],[-30,87],[-97,63],[-45,-1],[-114,64],[-200,144],[-250,117],[-122,36],[-109,-23],[-102,17],[-73,-22],[-131,54],[-126,24],[-231,-2],[-192,-39],[-83,-49],[-64,-112],[-144,-24],[-57,-33],[-139,-15],[-29,-50],[-207,18],[-25,-29],[-342,48],[-33,44],[-55,8],[-76,78],[-49,85],[-160,129],[-261,139],[-146,105],[-184,111],[-193,96],[-15,25],[-178,116],[-432,218],[-409,184],[-324,136],[-584,227],[-267,100],[-209,70],[-138,28],[-69,-2],[-53,-39],[-119,-52],[-88,-105],[-113,-55],[-313,-101],[-134,-33],[-204,-72],[-198,-32],[-205,4],[-224,18],[-264,41],[-114,10],[-154,-22],[-132,-3],[-215,32],[-304,0],[-253,35],[-100,-1],[-91,-20],[-233,11],[-135,-34],[-293,-5],[-69,7],[-180,-18],[-115,8],[-190,-24],[-71,-28],[-120,-15],[-228,1],[-321,-30],[-237,1],[-317,-21],[-343,-50],[-226,-11],[-293,-39],[-341,-24],[-199,-31],[-324,-25],[-174,-41]],[[147212,27975],[251,14],[-16,-84],[-79,6],[-138,-96],[0,-47],[49,-34],[120,22],[89,-15],[7,-50],[-135,-82],[-9,-47],[-90,-72],[-1,-42],[88,-34],[88,14],[149,-27],[232,13],[131,44],[43,-3],[83,-117],[-47,-24],[-167,-139],[19,-97],[69,18],[95,-17],[67,30],[-54,50],[-120,-1],[50,57],[157,-21],[107,18],[145,125],[5,103],[49,39],[239,-10],[151,-37],[112,-42],[81,-70],[-6,-58],[77,-80],[112,-56],[15,-49],[-45,-49],[-166,-111],[-88,-80],[-66,5],[-305,130],[-101,18],[-99,-37],[-123,43],[-161,22],[-221,-4],[-60,-83],[-89,0],[-139,-25],[-149,-70],[-53,-49],[-28,-111],[67,-82],[-6,-49],[-49,-67],[-74,-31],[-163,-28],[-120,-101],[-67,-4],[-79,-53],[-288,197],[-45,57],[-284,27],[-54,-8],[-79,38],[-208,23],[-52,-22],[-27,-98],[-111,-37],[-52,-44],[-104,53],[-37,-24],[-88,17],[-69,-23],[-188,30],[-115,-29],[-79,0],[-102,-57],[-200,89],[-100,-8],[-58,-57],[-120,17],[-27,-42],[-173,-5],[-69,26],[-69,112],[-131,136],[-101,37],[-75,-23],[-85,41],[0,59],[-137,122],[-33,71],[38,63],[73,28],[-13,70],[19,63],[47,52],[-17,100],[48,57],[149,0],[247,32],[74,59],[121,-5],[101,42],[17,39],[273,21],[116,18],[208,49],[223,2],[151,24],[58,-5],[191,56],[76,77],[74,-11],[80,40],[70,-11],[107,59],[120,13],[128,47],[36,35],[258,-39],[84,10],[157,-28],[160,51],[59,-49],[129,30],[64,50]],[[142085,29941],[-127,79],[-96,28],[-4,73],[95,39],[74,-63],[59,-107],[175,-111],[-7,-97],[-48,-50],[-89,49],[11,126],[-43,34]],[[143193,29435],[151,-55],[-9,-47],[-180,66],[38,36]],[[141274,30917],[-33,58],[71,51],[41,-46],[-18,-86],[-61,23]],[[150671,30726],[87,-101],[-108,-4],[21,105]],[[58837,63594],[-43,-55],[-10,-179],[-70,8],[67,156],[27,243],[-26,176],[51,127],[56,6],[40,-99],[-64,-160],[-2,-122],[-26,-101]],[[58921,64550],[7,166],[35,77],[9,104],[39,68],[52,-10],[-23,-182],[-76,-146],[20,-192],[22,-30],[-58,-59],[-35,45],[24,77],[-16,82]],[[60782,64535],[-59,71],[68,18],[-9,-89]],[[63897,74402],[25,76],[108,-44],[-8,-55],[27,-75],[-60,-28],[-92,126]],[[67229,76081],[-20,19],[75,70],[31,-23],[-44,-74],[-42,8]],[[65602,76300],[14,29],[90,9],[45,-50],[-149,12]],[[63375,75652],[67,82],[40,-26],[-68,-59],[-39,3]],[[58510,62412],[-24,-65],[11,-76],[107,-258],[92,-321],[47,-142],[74,-70],[9,-73],[54,-97],[-18,-100],[41,-43],[126,-25],[-64,-49],[-43,-70],[23,-68],[14,-120],[110,-9],[97,-73],[29,-78],[72,-98],[52,-132],[-45,-114],[-52,-39],[-106,55],[-88,232],[-71,102],[-88,98],[-180,168],[-112,174],[-29,114],[-177,229],[21,151],[-39,105],[-39,49],[-76,198],[-27,28],[-31,173],[28,82],[-2,122],[42,56],[115,109],[53,-58],[129,-14],[-35,-53]],[[61779,61240],[17,-85],[-51,-49],[-100,39],[-92,143],[4,118],[90,34],[106,-59],[26,-141]],[[60944,52255],[-10,93],[82,-17],[-72,-76]],[[66852,78538],[110,123],[28,65],[54,21],[169,233],[52,46],[114,-48],[-22,-87],[57,-97],[-22,-146],[-47,-59],[-38,-122],[-82,-31],[-30,-99],[-73,-62],[-80,-19],[-19,59],[-43,22],[-87,-3],[-12,-67],[-78,64],[1,73],[48,134]],[[72281,79601],[97,167],[109,58],[-39,-115],[-15,-100],[-31,-55],[-77,-28],[-74,7],[30,66]],[[71290,79235],[13,-53],[-184,-5],[-91,33],[2,59],[128,41],[-2,-37],[71,-18],[35,83],[61,-40],[-33,-63]],[[71459,78947],[186,22],[-40,-61],[-131,-98],[-95,67],[14,56],[66,14]],[[71512,79274],[8,37],[85,64],[104,-10],[-74,-56],[-31,-79],[-77,-6],[-15,50]],[[72634,79901],[-148,52],[-122,62],[12,43],[241,-134],[17,-23]],[[75486,79104],[25,121],[95,-68],[-42,-90],[-78,37]],[[71508,79748],[-15,-121],[-71,-38],[-37,62],[62,75],[61,22]],[[71681,79273],[69,-20],[-38,-98],[-89,16],[24,86],[34,16]],[[72145,79556],[39,87],[80,4],[-77,-117],[-42,26]],[[72235,79774],[65,71],[18,-54],[-53,-72],[-30,55]],[[67646,40229],[36,-63],[-226,-24],[-41,19],[58,61],[65,29],[108,-22]],[[68111,39537],[93,-83],[-54,-82],[-39,165]],[[78200,30164],[-86,84],[66,12],[107,-56],[-35,-55],[-52,15]],[[96550,90606],[-12,146],[49,2],[7,-111],[-44,-37]],[[95335,32960],[-12,28],[-161,-7],[59,70],[101,-10],[13,-81]],[[95906,93005],[-52,119],[28,29],[124,-143],[-32,-67],[-68,62]],[[96310,92847],[1,49],[185,-28],[-77,-57],[-109,36]],[[96247,94207],[-34,53],[89,20],[53,-43],[13,-119],[54,-29],[-43,-59],[-52,80],[-24,84],[-56,13]],[[95322,93672],[31,-18],[-27,-66],[-62,-65],[-66,23],[40,50],[-25,84],[109,-8]],[[97875,94056],[-41,69],[-54,18],[14,46],[103,-79],[-22,-54]],[[99078,93719],[45,-20],[3,-56],[-54,-16],[-59,74],[65,18]],[[97547,94082],[-32,22],[2,65],[67,17],[27,-28],[-64,-76]],[[100776,93701],[-82,13],[73,59],[9,-72]],[[100025,97113],[-65,-4],[8,-58],[-64,-5],[29,91],[-66,51],[49,26],[30,94],[66,28],[-26,79],[43,51],[120,40],[69,65],[41,-55],[0,-73],[-34,-62],[28,-47],[74,4],[6,-63],[65,-22],[70,-106],[-12,-51],[115,-35],[-166,-72],[-133,-72],[-131,-20],[-46,39],[117,145],[-28,72],[-159,-40]],[[99572,97326],[-72,-9],[-56,52],[26,49],[102,33],[78,-12],[59,52],[33,59],[71,-3],[41,-36],[-23,-68],[47,-52],[-82,-56],[-63,10],[-45,60],[-50,-47],[-10,-56],[-56,24]],[[101127,97616],[100,0],[76,-63],[-31,-63],[-123,-66],[-24,-28],[-62,50],[64,170]],[[97362,94475],[-92,59],[-161,78],[37,31],[157,-52],[97,-16],[64,-50],[-22,-34],[-80,-16]],[[100322,95173],[-35,6],[-97,-62],[-64,10],[54,97],[166,70],[10,-49],[-34,-72]],[[99223,97425],[-14,-68],[-81,27],[-87,-48],[5,75],[158,61],[19,-47]],[[98907,95277],[39,-12],[17,-95],[85,-2],[-4,-65],[-112,22],[-51,117],[26,35]],[[98460,94634],[6,94],[103,-54],[-19,-64],[-90,24]],[[96573,94663],[-13,47],[-75,25],[5,58],[45,13],[48,-35],[-10,-108]],[[99835,95130],[12,150],[51,2],[2,-58],[-65,-94]],[[99539,97137],[-12,-71],[-86,78],[39,51],[59,-58]],[[98548,94513],[-27,-68],[-66,72],[93,-4]],[[96461,94914],[83,-50],[-32,-26],[-51,76]],[[97412,94388],[83,-35],[-43,-33],[-40,68]],[[101901,97322],[49,-18],[-73,-155],[-71,-6],[-22,43],[117,136]],[[113117,97893],[-29,48],[-15,103],[26,89],[26,157],[94,-56],[-4,-46],[33,-91],[134,-117],[-23,-108],[5,-105],[-86,60],[-161,66]],[[102460,98258],[-7,-51],[99,10],[88,-10],[9,-65],[-49,-71],[-105,-63],[-58,12],[15,76],[-20,58],[-66,58],[8,86],[44,33],[42,-73]],[[101497,98357],[-48,55],[1,105],[79,16],[10,56],[57,-4],[15,-117],[-40,-47],[98,-101],[-39,-41],[-133,78]],[[101689,98147],[-14,50],[32,89],[57,-46],[-42,-93],[-33,0]],[[114265,98789],[79,-11],[21,-52],[-23,-50],[-77,113]],[[113753,99283],[21,52],[79,-57],[-73,-35],[-27,40]],[[102647,98447],[36,63],[51,-15],[-44,-63],[-43,15]],[[102304,99641],[-48,53],[-72,-7],[-20,66],[-1,97],[21,65],[-20,50],[162,9],[-76,149],[17,64],[61,49],[70,8],[-25,57],[90,5],[48,-88],[85,-67],[-13,-68],[-59,-149],[27,-97],[-93,-143],[-31,40],[-123,-93]],[[105463,100889],[-17,-65],[88,-21],[54,-36],[-2,-67],[-70,30],[-6,-70],[-103,46],[10,59],[-35,97],[81,27]],[[104412,100221],[1,80],[48,157],[62,-13],[-30,-64],[36,-56],[-1,-69],[-49,-33],[-67,-2]],[[103734,100388],[89,-170],[1,-46],[-98,6],[-16,77],[-45,44],[15,49],[54,40]],[[102718,99723],[66,-69],[-47,-26],[-47,38],[-66,-72],[-67,27],[100,100],[61,2]],[[105251,100702],[36,-49],[-13,-80],[-43,-49],[-43,47],[63,131]],[[112079,100266],[39,40],[8,54],[72,-7],[7,-69],[-83,-71],[-43,53]],[[103452,100151],[11,53],[123,-77],[-58,-25],[-76,49]],[[105463,101048],[35,36],[67,-51],[-109,-28],[7,43]],[[101789,100043],[-46,22],[19,86],[56,-66],[-29,-42]],[[116275,98843],[-2,-1315],[-2,-582],[0,-848],[0,-611],[0,-906],[0,-1159],[0,-666],[0,-1107],[0,-632],[0,-1165],[0,-2521],[0,-874],[0,-1117],[0,-672],[0,-1112],[0,-5670],[0,-799],[0,-2174],[0,-1302],[0,-2651],[0,-1436],[0,-1306],[1,-1082],[0,-5218],[0,-1156],[4,0]],[[116276,41280],[-139,-24],[-242,-78],[-161,-77],[-175,-64],[-176,-100],[-173,-73],[-89,-58],[-75,-28],[-69,-59],[-165,-42],[-23,-29],[-169,-34],[-49,-36],[-229,-92],[-111,-54],[-89,-12],[-471,-180],[-485,-137],[-334,-116],[-309,-74],[-102,-13],[-135,-37],[-87,-5],[-291,-58],[-32,2],[-302,-62],[-239,-66],[-71,-39],[-125,-26],[-133,-54],[-108,-80],[-133,-8],[-250,-59],[-246,-50],[-67,-28],[-317,-45],[-90,-23],[-160,1],[-225,-20],[-179,-6],[-403,-50],[-356,0],[-166,20],[-104,0],[-151,-47],[-209,-8],[-276,26],[-147,4],[-358,39],[-203,28],[-204,61],[-244,41],[-172,51],[-93,11],[-177,-29],[-145,-82],[-143,-41],[-135,28],[-45,-21],[-166,-25],[-100,-30],[-188,-89],[-109,-71],[-40,-8],[-204,-92],[-178,-116],[-33,-9],[-152,-103],[-77,-37],[-131,-108],[-101,-51],[-210,-156],[-90,-45],[-182,-42],[-31,-30],[-195,-60],[-184,-16],[-270,-81],[-194,-79],[-114,-65],[-116,-49],[-193,-99],[-74,-49],[-275,-46],[-74,-86],[-69,-41],[-103,-31],[-108,-65],[-101,-118],[-84,-50],[-120,-39],[-85,-54],[-149,-48],[-110,-49],[-226,-38],[-251,-31],[-572,-58],[-233,-46],[-142,-38],[-177,-71],[-252,-133],[-240,-206],[-165,-189],[-81,-141],[-45,-114],[-25,-111],[-105,-222],[-69,-112],[-125,-288],[-44,-191],[-24,-241],[-65,-69],[-95,-24],[-26,-35],[-130,-14],[-88,-59],[15,-87],[-70,-22],[-155,-84],[-129,-114],[-63,-86],[-37,-176],[31,-63],[-40,-51],[-97,-16],[-93,-67],[-128,-51],[-83,-112],[-156,-5],[-61,-23],[-45,-51],[-51,-110],[-125,-26],[-13,66],[-78,43],[-112,32],[-158,26],[-195,-18],[-101,-68],[-13,-55],[-123,-134],[-62,-6],[-72,-69],[-102,24],[-42,-33],[-177,-61],[13,103],[-43,34],[10,104],[-124,165],[-85,54],[-135,59],[-117,27],[-61,-3],[-39,-81],[-146,-26],[-79,11],[-137,-12],[-94,-39],[-45,4],[-132,-35],[-65,70],[-163,40],[-118,-49],[-288,11],[-101,-10],[-97,-30],[-73,-65],[37,-84],[-48,-28],[-70,53],[-185,-14],[-224,74],[-163,25],[-145,-10],[-64,-41],[-76,-15],[-118,-61],[-71,-66],[45,-74],[-113,-51],[-90,33],[-100,-42],[-189,-24],[-28,26],[-84,-36],[-13,85],[33,42],[-121,265],[-102,113],[-96,85],[-80,45],[-74,12],[-68,-28],[-129,7],[-112,-43],[-55,-122],[-186,-16],[-51,-32],[-129,-40],[-157,103],[-150,55],[-83,-1],[-57,-74],[-57,-11],[-49,48],[-171,98],[-120,52],[-75,13],[-97,-48],[-77,39],[-162,28],[-37,-25],[-105,29],[-137,12],[-47,-43],[-109,24],[-70,-14],[-8,-48],[-100,-39],[-183,28],[-66,-6],[-71,-75],[-79,3],[-126,49],[-112,7],[-72,-39],[-108,10],[-104,-13],[-19,-34],[-249,30],[-83,-13],[-174,33],[-103,-34],[-119,-78],[-106,10],[-241,-24],[-111,26],[-114,-2],[-35,-19],[-136,20],[-144,-37],[-32,-24],[13,-72],[-95,-21],[-227,-122],[-70,10],[-61,-25],[-126,37],[-350,64],[-248,30],[-226,-15],[-178,-52],[-21,25],[-249,74],[-120,-46],[-77,-2],[-27,-60],[-132,-74],[-71,24],[-273,-2],[-165,-71],[-84,-125],[-112,-48],[-63,-68],[-80,-2],[-112,-66],[-40,4],[-107,-55],[-20,-45],[-127,-85],[-61,-66],[22,-61],[-121,-96],[-84,-97],[-59,-100],[-39,-108],[-18,-124],[32,-120],[76,-28],[40,-49],[105,17],[6,-45],[-121,-11],[-74,-57],[-130,15],[43,42],[-36,61],[-106,-12],[-41,42],[-102,-27],[-81,-161],[42,-40],[-14,-94],[-53,-23],[-5,-62],[-98,37],[38,39],[-72,58],[-132,2],[-91,-32],[-20,-72],[20,-115],[-96,-31],[-22,-49],[-90,101],[-168,60],[-38,-32],[-80,7],[-50,54],[-235,64],[-39,-17],[-91,23],[-175,20],[-181,-14],[-94,-33],[-25,-48],[4,-78],[-201,-1],[-147,-36],[-160,-92],[-81,-119],[22,-68],[115,-50],[-82,-42],[-38,-61],[-103,-64],[-52,8],[-143,-52],[-58,-72],[-90,14],[-71,-38],[-165,-24],[-287,-106],[-83,-48],[-103,-95],[-63,-101],[-41,-125],[5,-112],[93,-19],[11,-52],[-127,-37],[-121,12],[-96,27],[-112,-52],[-146,11],[-140,-44],[-47,-45],[-102,-12],[-31,-90],[43,-29],[101,-19],[-36,-72],[19,-34],[-46,-49],[-59,35],[-29,60],[-65,18],[-176,16],[-143,-44],[-44,-55],[-145,-7],[-35,23],[-140,-10],[66,122],[-5,84],[-107,32],[-10,-124],[-100,-127],[4,-64],[-55,-9],[-78,31],[-89,6],[-36,-60],[20,-38],[91,-32],[32,-41],[77,-24],[93,25],[16,-39],[144,-27],[-92,-89],[-222,9],[-94,36],[-125,88],[-289,110],[-274,24],[-108,-55],[20,-74],[-52,-22],[-31,-81],[24,-42],[-77,-28],[-26,56],[-167,99],[-130,45],[-115,-54],[-44,51],[-206,104],[-222,86],[12,59],[111,10],[7,-27],[113,-50],[95,17],[87,70],[-38,81],[-50,20],[-122,-60],[-60,38],[-129,14],[-40,-73],[-79,-17],[-35,-68],[17,-51],[-27,-46],[-141,63],[-74,16],[-61,-28],[-152,41],[-80,-7],[-75,-36],[-2,-51],[-55,-41],[-166,80],[-67,10],[-50,-26],[-124,43],[-80,-17],[-163,38],[-119,-60],[-33,-93],[-143,54],[-94,-10],[-101,27],[-63,53],[-134,42],[-70,-2],[-62,-32],[-26,-51],[-90,38],[-71,-19],[-107,-56],[-106,16],[-85,51],[-52,-7],[-90,51],[-121,48],[-115,-16],[-81,17],[-184,121],[-176,82],[-386,205],[-161,55],[-113,20],[-108,40],[-116,24],[-136,-17],[-250,42],[-93,-14],[10,79],[-65,105],[-95,89],[9,53],[-32,62],[-311,278],[-244,206],[-235,186],[-235,173],[-285,178],[-117,50],[-57,-2],[-83,65],[-123,41],[-119,80],[-127,66],[-174,67],[-198,39],[-190,15],[-160,-11],[-181,-38],[-11,67],[83,40],[-71,38],[-37,-60],[46,-104],[-11,-86],[-41,-60],[-68,-2],[-93,123],[-73,44],[-32,51],[-117,106],[-88,63],[24,66],[-30,50],[54,75],[-73,213],[-98,128],[44,69],[-25,45],[13,180],[-76,186],[44,28],[-32,249],[-17,36],[56,74],[22,186],[-41,109],[15,31],[-65,173],[56,22],[32,90],[55,33],[50,90],[-81,247],[20,19],[-26,90],[79,-15],[37,-33],[71,-1],[27,-41],[92,-42],[45,-53],[30,-95],[49,-41],[308,-94],[200,-19],[164,10],[280,74],[92,46],[107,82],[376,393],[102,92],[107,190],[69,195],[61,76],[50,-2],[60,43],[34,75],[14,235],[-1,134],[20,194],[-30,260],[-40,228],[-39,146],[-21,138],[-69,198],[-18,151],[-24,97],[-50,336],[88,243],[83,60],[111,126],[33,57],[45,12],[35,-60],[-12,-60],[-144,-57],[-116,-138],[17,-119],[90,-184],[3,-90],[67,-90],[5,-45],[110,-53],[15,96],[-59,51],[9,42],[-40,54],[-18,73],[-45,43],[-1,85],[-63,64],[13,70],[118,-100],[94,30],[56,-41],[81,64],[33,116],[-51,14],[-14,79],[-127,-3],[-4,97],[-37,62],[58,17],[66,140],[14,126],[-15,103],[-117,134],[75,18],[30,50],[-10,98],[-33,37],[-105,16],[-10,95],[97,5],[109,90],[-1,91],[47,54],[23,86],[-42,64],[4,85],[-31,33],[21,81],[-42,82],[-9,73],[-35,20],[143,90],[31,57],[139,-42],[15,59],[94,41],[-26,53],[111,45],[-86,26],[-117,-62],[-43,-81],[-66,-16],[-68,53],[2,-121],[-85,1],[14,171],[4,249],[-25,231],[-75,97],[17,103],[-52,161],[-96,182],[-20,77],[-78,105],[-99,186],[-102,125],[-17,43],[-87,82],[-14,63],[-43,41],[-49,130],[-132,191],[-37,30],[-228,295],[-59,160],[-90,170],[-66,214],[-178,303],[-22,101],[-43,86],[-71,90],[-155,258],[-115,140],[-107,26],[-5,138],[-129,270],[-76,181],[-104,170],[3,39],[-57,45],[27,91],[-71,109],[-69,55],[53,89],[-76,193],[5,90],[-35,198],[-77,70],[66,58],[14,60],[-20,101],[-44,62],[-94,38],[-15,127],[41,95],[-16,93],[-65,183],[-75,24],[-13,76],[15,118],[21,30],[-24,109],[38,56],[33,129],[-16,198],[11,61],[-59,125],[-19,136],[0,340],[66,292],[-2,91],[75,158],[-6,81],[-135,290],[-1,129],[-43,107],[-71,73],[-45,121],[28,36],[-13,60],[-62,129],[-50,183],[-57,143],[-143,172],[-175,162],[-215,188],[-135,108],[-196,211],[-32,94],[17,44],[-64,125],[-125,54],[106,14],[33,40],[18,120],[-50,138],[24,76],[-38,137],[-96,159],[-70,154],[-124,172],[-111,127],[-204,172],[-23,66],[-73,86],[-27,76],[-162,156],[-76,91],[-49,93],[-153,65],[-142,85],[-39,67],[-141,163],[-47,23],[-25,66],[-47,229],[-57,239],[-76,241],[-53,126],[46,195],[30,81],[71,114],[23,10],[32,107],[-37,185],[-43,135],[-38,78],[-92,294],[-63,134],[-247,472],[-272,447],[-292,450],[-98,141],[-64,137],[-114,164],[-98,116],[-75,107],[-103,113],[-216,262],[-22,46],[-210,247],[-292,284],[-210,168],[-230,200],[-111,88],[-198,192],[44,40],[-57,103],[26,52],[-80,165],[-168,227],[-192,165],[-35,60],[91,-7],[14,-33],[96,-16],[136,-45],[22,-162],[45,43],[-7,110],[35,143],[14,230],[-25,23],[0,132],[47,66],[48,-160],[29,-169],[10,-215],[-12,-204],[54,-247],[-33,-26],[9,-63],[43,-35],[53,56],[43,-78],[-30,-67],[29,-62],[56,-24],[6,133],[-85,109],[-14,93],[-36,23],[34,61],[14,112],[30,21],[-6,92],[66,33],[-15,162],[29,155],[-43,34],[7,72],[-62,49],[72,37],[30,-49],[-9,-87],[41,-75],[107,-91],[-17,-53],[81,-36],[15,-158],[41,-31],[9,-108],[64,-61],[-1,-134],[69,-92],[-31,-83],[55,-3],[10,-64],[-73,10],[-10,-49],[60,-73],[-62,-66],[-31,-142],[83,-10],[33,258],[29,11],[43,140],[-54,68],[13,49],[-60,43],[49,31],[17,60],[62,2],[35,-71],[-23,-33],[58,-128],[-22,-100],[46,-75],[-3,-203],[-30,-24],[42,-87],[47,-39],[-45,-86],[-21,-143],[94,-81],[24,60],[-9,61],[37,56],[-13,108],[84,1],[-3,79],[73,-45],[-22,-252],[11,-126],[82,6],[29,-114],[-25,-80],[64,1],[46,70],[-9,46],[93,92],[88,-36],[58,32],[38,67],[61,-14],[26,-42],[72,-20],[23,35],[-9,80],[78,89],[110,50],[78,117],[13,90],[-23,193],[-43,62],[54,104],[-7,105],[-67,105],[-82,61],[-20,40],[-126,88],[-174,74],[-203,40],[-51,80],[-3,68],[-70,45],[-13,46],[-61,53],[-11,50],[-76,42],[-18,40],[-110,8],[-3,73],[-54,122],[25,100],[-49,37],[-18,113],[12,66],[-49,44],[-101,48],[28,125],[-45,106],[-68,63],[-113,77],[58,95],[-43,164],[24,29],[-54,83],[-46,-14],[2,-55],[51,-60],[-20,-87],[-63,43],[-22,51],[-61,47],[14,153],[49,186],[62,51],[85,180],[48,25],[46,83],[65,35],[-6,-134],[37,-178],[45,-62],[120,-41],[51,33],[17,-143],[29,-100],[57,-82],[75,-53],[71,-24],[68,-92],[111,-74],[66,3],[9,-91],[-17,-71],[18,-84],[135,-47],[-13,-91],[-96,-152],[12,-106],[-18,-22],[15,-91],[-124,-108],[17,-138],[-18,-20],[29,-201],[73,-104],[-9,-83],[136,-29],[97,19],[76,90],[250,377],[22,94],[-74,309],[144,-20],[32,-83],[-29,-29],[-45,-118],[5,-45],[49,-65],[-16,-104],[11,-83],[45,-64],[63,7],[35,-41],[-48,-164],[31,-122],[57,-55],[-28,-90],[61,-90],[0,-95],[29,-88],[166,-151],[118,-95],[116,-169],[82,64],[76,81],[96,55],[36,69],[100,28],[84,62],[-5,76],[79,98],[1,99],[-123,134],[6,71],[-50,70],[-2,121],[49,16],[55,83],[19,-88],[58,-3],[45,36],[-25,97],[-47,77],[20,109],[-109,141],[1,50],[-40,39],[-2,93],[79,33],[15,-52],[76,-29],[49,32],[-41,95],[3,109],[60,94],[-5,43],[-108,27],[-23,47],[-51,15],[-37,59],[-88,72],[-19,41],[-191,175],[-2,96],[-103,109],[-166,94],[-87,139],[-61,34],[-50,98],[-14,120],[-100,176],[-50,59],[-14,107],[-129,144],[-3,61],[-48,76],[15,27],[-15,96],[-109,141],[10,48],[-60,40],[3,40],[-40,165],[-128,183],[-45,8],[-70,62],[-108,31],[-152,140],[-115,218],[-15,165],[58,170],[-31,78],[-83,90],[-8,38],[-98,26],[57,205],[-13,127],[-43,82],[-281,332],[-75,72],[-104,145],[-132,103],[-98,116],[-15,55],[-54,41],[-27,249],[27,208],[-15,66],[9,128],[-32,100],[-20,130],[65,12],[74,65],[50,78],[-9,171],[-77,146],[31,29],[-22,122],[39,46],[56,2],[37,59],[45,162],[-21,151],[18,79],[97,89],[56,81],[22,62],[7,121],[45,77],[79,28],[45,46],[62,156],[23,21],[21,127],[51,38],[9,73],[71,32],[60,71],[189,93],[68,82],[125,82],[31,42],[6,67],[51,80],[10,232],[-21,39],[35,71],[20,298],[-65,209],[-8,125],[-28,24],[23,174],[-35,27],[96,42],[92,87],[61,178],[0,123],[-34,57],[22,61],[-32,175],[-55,72],[-30,157],[-59,108],[-22,88],[-58,100],[-53,60],[-113,80],[-119,-26],[-20,75],[57,106],[-67,150],[20,100],[-71,47],[41,114],[115,42],[70,87],[103,207],[16,149],[58,82],[109,108],[91,161],[43,107],[11,113],[40,58],[72,252],[55,93],[34,120],[121,281],[27,23],[4,92],[52,77],[60,48],[18,57],[81,103],[11,50],[303,204],[109,43],[102,1],[83,57],[111,-96],[-41,-29],[-111,-150],[-35,-186],[6,-75],[-90,-302],[-1,-50],[-50,-97],[-31,-135],[-47,-146],[16,-120],[104,-116],[9,-65],[62,-60],[-34,-68],[10,-112],[23,-20],[79,65],[82,-8],[-12,-60],[30,-78],[-82,-80],[-50,-80],[-82,-77],[19,-99],[-23,-112],[97,-148],[41,-25],[79,6],[65,30],[67,59],[29,89],[127,105],[74,23],[97,-4],[34,-27],[14,-69],[-13,-88],[140,-19],[85,46],[39,82],[-38,38],[42,79],[-13,61],[42,154],[32,34],[0,86],[47,83],[36,19],[11,101],[105,61],[-55,73],[20,67],[115,23],[-31,54],[-83,85],[87,17],[74,-31],[28,42],[-24,60],[59,81],[65,152],[54,27],[11,106],[80,45],[79,83],[53,16],[11,128],[90,104],[12,234],[119,73],[35,-18],[46,66],[86,52],[169,11],[81,46],[119,89],[62,16],[121,104],[56,22],[86,83],[77,-2],[120,54],[195,-47],[115,31],[197,163],[38,-34],[77,-3],[102,89],[62,15],[62,49],[52,-21],[58,52],[187,-23],[75,15],[132,82],[119,56],[97,-7],[35,97],[87,-20],[73,76],[85,-85],[70,96],[-27,67],[48,27],[1,48],[89,92],[77,7],[-12,62],[106,101],[36,19],[85,98],[151,130],[93,4],[86,118],[59,-26],[155,52],[65,62],[82,30],[67,-22],[46,163],[58,41],[60,112],[45,116],[140,160],[71,14],[186,118],[278,75],[94,47],[26,-9],[142,46],[95,85],[83,3],[11,273],[33,82],[11,99],[75,-35],[45,-50],[196,-60],[138,33],[63,100],[49,-13],[156,46],[218,26],[190,158],[36,78],[232,42],[81,69],[77,20],[107,95],[133,57],[80,108],[78,-4],[5,53],[48,78],[67,60],[46,89],[73,28],[-8,68],[46,16],[154,10],[-29,-57],[-119,-136],[3,-60],[-33,-38],[-66,-136],[-9,-58],[74,-104],[51,-44],[151,-51],[95,-5],[183,73],[-1,30],[69,35],[83,86],[149,29],[36,-56],[96,91],[67,13],[104,-67],[61,6],[29,91],[96,80],[92,-26],[34,-73],[-99,-63],[26,-41],[73,-22],[-60,-46],[87,-53],[56,11],[98,-36],[86,-60],[39,10],[227,-53],[127,-52],[57,72],[159,-3],[119,16],[186,41],[168,68],[37,-17],[41,67],[129,54],[40,-4],[18,-96],[68,69],[54,21],[58,-73],[151,32],[112,43],[191,136],[136,77],[47,83],[3,74],[102,19],[92,40],[57,148],[-14,55],[168,26],[144,70],[88,108],[73,21],[245,158],[126,64],[15,-52],[-40,-65],[214,63],[98,-10],[36,43],[128,19],[163,71],[32,-93],[242,61],[242,-21],[17,42],[68,-19],[15,51],[73,43],[-6,32],[133,29],[-20,-120],[46,-29],[107,23],[-114,47],[1,23],[146,17],[66,25],[32,-48],[126,-49],[49,38],[83,25],[138,73],[71,20],[182,-1],[73,172],[67,16],[26,60],[105,142],[46,33],[121,50],[59,56],[71,128],[24,118],[36,71],[42,-1],[168,40],[93,64],[44,70],[19,80],[80,-4],[105,-60],[32,-82],[41,39],[20,117],[42,22],[119,-7],[145,-64],[223,-57],[82,8],[111,-18],[44,-25],[126,10],[85,-73],[93,21],[71,-22],[26,-54],[114,-78],[168,-67],[172,44],[105,47],[75,57],[29,96],[78,31],[20,-103],[52,3],[76,40],[9,159],[61,-32],[38,15],[177,-1],[69,10],[224,68],[253,55],[135,-3],[160,18],[271,53],[241,-3],[458,131],[221,85],[93,18],[91,38],[481,165],[227,56],[399,168],[288,117],[507,188],[397,225],[278,179],[224,163],[172,155],[304,308],[132,161],[216,281],[263,371],[51,139],[-22,24],[63,63],[63,100],[38,100],[-13,49],[61,39],[77,133],[13,122],[69,39],[46,106],[69,64],[-28,30],[23,91],[-9,52],[-55,49],[-54,6],[-8,74],[30,37],[102,10],[56,-44],[91,46],[89,-1],[72,22],[36,74],[64,17],[98,67],[-29,65],[4,51],[-54,80],[-59,38],[-94,20],[3,27],[123,64],[73,145],[62,-19],[-35,114],[112,122],[58,11],[53,-69],[65,-27],[131,35],[187,113],[81,81],[64,7],[62,42],[103,114],[64,108],[78,-3],[52,39],[84,16],[53,31],[124,121],[40,92],[106,54],[9,67],[96,16],[58,44],[103,24],[120,48],[157,127],[45,85],[21,113],[-5,156],[-25,107],[-68,61],[-188,8],[-197,71],[-44,-66],[-87,-58],[-21,-63],[-86,94],[79,103],[17,53],[16,171],[0,108],[-49,273],[8,150],[-5,153],[-56,59],[-32,205],[-31,65],[-47,31],[-30,67],[7,79],[-17,166],[26,26],[1,431],[53,88],[3,82],[28,144],[55,82],[51,-20],[86,202],[54,62],[136,76],[92,35],[-62,33],[-63,-28],[-65,22],[16,53],[99,116],[73,62],[147,59],[91,121],[-22,25],[219,138],[87,23],[96,-79],[10,81],[28,54],[-28,101],[152,-88],[35,-51],[80,-40],[144,18],[-76,88],[-3,89],[-71,79],[7,50],[-53,49],[2,68],[90,4],[31,26],[-65,59],[88,87],[12,56],[105,-7],[50,-110],[49,-10],[100,23],[103,58],[74,-30],[84,39],[73,97],[113,-60],[38,15],[110,-91],[-31,111],[-51,12],[-59,56],[-54,-6],[-47,86],[-68,35],[-8,57],[100,173],[38,185],[39,39],[117,30],[75,33],[56,65],[35,70],[100,33],[33,49],[-29,76],[7,78],[69,102],[23,74],[76,-43],[100,23],[41,44],[133,60],[30,-66],[-44,-85],[66,-93],[71,-26],[-44,-57],[-83,0],[-37,27],[-96,-43],[41,-43],[-13,-58],[-57,-70],[87,-42],[-57,-49],[-17,-70],[-36,2],[-41,-92],[96,-19],[34,-88],[48,-44],[29,70],[83,-33],[-22,-85],[30,-32],[-9,-68],[44,-52],[110,5],[45,-66],[78,-18],[79,42],[29,-24],[-42,-98],[-53,19],[-55,-47],[0,-75],[26,-57],[87,-24],[83,-57],[13,-36],[-1,-151],[-39,-88],[-7,-111],[73,-16],[242,-157],[21,-56],[133,-166],[45,-247],[39,-28],[156,-161],[62,-151],[92,-145],[23,-90],[-3,-139],[54,-34],[63,2],[63,-68],[60,-18],[94,-164],[105,-68],[-12,-37],[55,-32],[69,-108],[-1,-90],[83,-41],[34,-67],[-18,-96],[34,-79],[41,18],[-7,151],[31,51],[-15,51],[-54,44],[12,46],[-14,176],[-45,28],[27,97],[-5,63],[29,62],[47,-29],[29,62],[1,107],[46,140],[11,153],[22,92],[77,41],[-57,81],[-72,62],[-83,169],[-15,204],[62,77],[157,43],[52,-35],[5,-107],[125,-57],[33,47],[135,-88],[73,-67],[49,-137],[117,-142],[82,-31],[14,-38],[62,-17],[42,-76],[95,-18],[86,34],[-93,35],[-5,52],[-156,128],[-46,50],[-2,81],[-40,193],[-68,123],[-10,50],[108,155],[163,130],[72,46],[41,68],[68,41],[109,27],[27,49],[-48,27],[-137,-61],[-188,-100],[-86,-11],[-43,-38],[-83,-19],[-93,72],[-47,79],[0,104],[-40,25],[-108,156],[-21,111],[-87,-10],[-87,88],[-69,49],[-34,68],[-173,92],[-34,-18],[-89,34],[-106,-7],[-26,84],[63,27],[106,14],[-28,58],[39,90],[48,-27],[127,140],[-90,51],[-41,-39],[-174,9],[43,-85],[-84,16],[-44,-87],[-37,43],[5,52],[-25,65],[-72,15],[-40,41],[22,44],[84,2],[46,42],[-53,52],[-54,17],[3,48],[100,-57],[246,-102],[267,-47],[-28,45],[-184,67],[135,19],[129,-14],[11,38],[-186,103],[-96,34],[-251,71],[-18,57],[82,-19],[104,-46],[-49,88],[55,11],[133,-28],[14,-53],[71,-30],[29,24],[154,-40],[78,46],[-19,56],[-77,20],[-102,77],[46,33],[108,-29],[128,13],[-70,116],[-136,82],[-127,7],[-103,-22],[-115,69],[-54,55],[77,19],[97,76],[-77,109],[59,36],[-95,39],[27,91],[143,46],[144,-21],[61,55],[76,-14],[22,-42],[59,-2],[52,88],[29,-36],[125,-63],[72,-102],[18,-62],[-21,-47],[35,-61],[-80,-6],[-98,-68],[119,-42],[105,-104],[66,-35],[49,33],[50,-18],[8,-64],[69,-47],[-35,-46],[-65,-20],[-23,-51],[6,-69],[37,-71],[55,10],[92,59],[-24,28],[14,117],[39,103],[116,-77],[134,-73],[42,16],[-22,92],[-71,57],[-44,71],[-54,44],[140,83],[-77,38],[-51,106],[143,-61],[50,-34],[111,3],[82,-54],[159,4],[132,-28],[55,-41],[133,-68],[-5,-55],[72,-49],[44,-176],[42,-64],[53,-23],[84,34],[45,-19],[198,-11],[27,-75],[-77,-54],[49,-21],[95,12],[85,54],[122,-123],[-23,-64],[52,-51],[-33,-50],[73,-16],[24,79],[-11,34],[135,10],[-117,54],[-57,-18],[-66,63],[0,142],[-44,34],[-174,-31],[30,121],[140,149],[54,-23],[3,-63],[42,-7],[38,-56],[94,-69],[141,10],[248,-3],[69,-19],[120,3],[48,22],[284,14],[172,37],[154,-63],[74,-59],[89,-23],[74,19],[104,-2],[120,38],[-11,35],[-80,-29],[-67,18],[-105,-19],[-54,20],[-73,-21],[-93,102],[-225,47],[-36,56],[-75,37],[-76,-19],[-190,50],[-181,23],[-231,-50],[-95,-43],[-59,52],[-40,-46],[-82,-16],[-83,27],[-38,70],[30,103],[-41,66],[50,106],[-12,34],[-77,46],[-2,31],[63,57],[-38,58],[86,31],[45,-3],[39,45],[47,147],[-23,62],[-3,92],[117,0],[19,-64],[-23,-53],[47,-43],[40,-77],[41,-36],[50,-118],[21,93],[91,92],[35,55],[62,-22],[30,43],[-13,160],[6,188],[-22,44],[59,76],[-2,116],[88,87],[-57,68],[87,55],[96,93],[71,-29],[57,70],[74,19],[-32,65],[44,20],[-58,109],[-42,-21],[-73,32],[-121,-46],[-116,-94],[-75,-132],[-29,-19],[-75,-145],[-74,-181],[-79,-107],[-66,26],[17,119],[-62,72],[-7,211],[-116,38],[-22,-62],[-80,-1],[-28,24],[-8,94],[12,104],[-37,91],[6,71],[-35,45],[1,55],[37,152],[34,63],[122,-4],[-48,236],[-67,24],[58,60],[-3,46],[61,110],[64,3],[1,64],[-43,50],[89,58],[146,31],[54,-60],[64,-10],[15,-44],[96,4],[-8,-49],[41,-28],[44,62],[76,11],[-8,59],[44,159],[92,-136],[78,-8],[18,35],[-48,59],[-10,83],[54,40],[-35,40],[33,46],[134,52],[23,56],[-115,18],[-111,-16],[-15,78],[76,25],[40,-11],[55,42],[-88,76],[-37,105],[98,-36],[7,73],[50,-4],[41,-46],[130,-76],[19,-60],[98,50],[130,-100],[82,-86],[67,-2],[128,-33],[98,-77],[63,-9],[11,-63],[40,-41],[86,-31],[45,-77],[-68,-73],[47,-38],[71,34],[32,-43],[-9,-113],[71,93],[6,43],[62,52],[98,-6],[103,-56],[159,-134],[173,-107],[-75,96],[-93,41],[-90,90],[-132,73],[-115,94],[50,106],[28,168],[114,96],[-123,-31],[55,112],[-104,-43],[-86,46],[-89,7],[-93,-40],[-71,-56],[-45,-6],[-175,-91],[-80,57],[-79,119],[41,87],[116,90],[2,37],[69,63],[53,2],[40,38],[50,-22],[59,-64],[39,50],[70,26],[44,64],[79,66],[-52,64],[-111,-58],[-74,-75],[-43,17],[35,74],[-48,8],[-55,-99],[-135,-94],[-60,-22],[-8,-52],[-88,-44],[-60,81],[6,109],[66,110],[-112,-39],[-66,11],[19,76],[93,95],[92,55],[136,2],[32,-39],[62,5],[81,-34],[24,57],[116,58],[52,-31],[54,106],[-64,41],[-31,90],[-5,125],[77,64],[38,-27],[83,57],[35,-54],[-8,-47],[-82,-79],[64,-68],[-10,-61],[77,-7],[37,86],[72,-2],[-11,-167],[58,-36],[23,-109],[66,-57],[51,77],[38,-12],[87,48],[47,50],[127,0],[111,-134],[88,-40],[115,30],[59,-27],[70,36],[105,-49],[113,30],[138,-21],[0,63],[-97,21],[-207,-5],[-85,76],[96,71],[0,55],[-85,6],[-4,63],[98,33],[-60,36],[-54,123],[-27,-32],[-96,15],[-66,-15],[-129,39],[4,68],[-97,97],[-52,8],[-19,-60],[-88,-27],[-18,73],[55,21],[27,76],[83,42],[65,-82],[85,1],[41,23],[4,70],[49,84],[-59,-7],[-101,67],[-67,24],[-28,-31],[-105,20],[-84,72],[-35,179],[-138,34],[-30,78],[55,60],[87,-14],[3,107],[126,6],[-25,46],[12,79],[52,21],[105,-51],[16,72],[169,24],[-69,72],[-38,-35],[-64,22],[-46,44],[23,68],[39,36],[102,50],[65,5],[118,78],[-9,100],[55,-36],[6,-75],[72,-64],[86,15],[31,42],[43,-102],[4,-49],[114,0],[-8,77],[47,5],[26,48],[-30,45],[113,111],[63,17],[122,6],[46,-17],[-10,-54],[-50,-27],[36,-64],[68,24],[41,84],[37,-34],[45,70],[-44,174],[24,105],[68,69],[-62,125],[-52,24],[-3,42],[44,46],[-67,97],[64,133],[-55,58],[23,43],[61,-8],[47,53],[113,-55],[56,-86],[58,-43],[148,-76],[-44,-56],[37,-34],[-71,-38],[-113,58],[12,-101],[-46,-136],[-9,-143],[63,-31],[2,-53],[41,-93],[-37,-181],[-100,-248],[68,33],[43,147],[71,152],[48,136],[57,17],[38,-29],[98,47],[97,19],[14,74],[51,-7],[-38,-87],[31,-24],[148,77],[-19,-70],[-84,-30],[-18,-42],[52,-44],[12,-44],[-16,-87],[53,-23],[-53,-65],[55,-53],[1,-56],[36,-23],[70,25],[23,-60],[66,-27],[29,-78],[70,31],[23,98],[-53,113],[-65,50],[65,103],[182,57],[6,-77],[106,-31],[20,88],[35,31],[95,-60],[13,221],[-56,7],[-25,50],[1,84],[-29,51],[-105,-14],[-28,75],[87,-7],[50,67],[33,-2],[70,76],[85,-11],[35,34],[-32,62],[65,14],[-19,92],[-63,80],[-29,83],[73,62],[77,-7],[104,23],[76,86],[31,101],[-55,64],[54,27],[-20,91],[-66,25],[-26,72],[-90,76],[-49,-39],[-85,44],[-107,-75],[-150,92],[-3,62],[-40,62],[-1,88],[121,-65],[-30,-99],[104,80],[77,15],[-65,93],[9,54],[89,-16],[32,-143],[54,27],[27,81],[-86,124],[-99,32],[63,34],[12,57],[76,19],[90,-49],[79,-22],[4,78],[96,-19],[-73,-121],[64,-29],[-85,-70],[61,-9],[-4,-63],[124,-11],[46,23],[96,-76],[-27,-50],[-104,-11],[-80,-73],[83,-2],[113,-150],[-102,-61],[25,-57],[-36,-57],[30,-47],[58,-14],[70,15],[47,-46],[-49,-50],[13,-67],[76,-48],[59,4],[32,52],[64,-32],[22,72],[171,86],[-116,106],[-58,-3],[-16,46],[45,78],[3,73],[110,5],[-12,173],[158,-6],[41,110],[91,12],[19,49],[58,3],[57,-35],[99,39],[64,100],[40,12],[59,74],[118,-52],[-80,-21],[-126,-163],[-44,10],[-41,-139],[-106,-100],[5,-78],[53,-21],[79,23],[26,-108],[101,-88],[38,30],[116,25],[18,-50],[-41,-44],[25,-98],[-20,-71],[38,-41],[108,-14],[-6,85],[25,33],[-13,62],[85,-35],[54,18],[24,92],[-17,71],[47,86],[-56,121],[24,14],[140,-119],[-4,-85],[57,7],[56,52],[-24,73],[64,14],[20,78],[66,87],[-58,95],[-45,-46],[-92,19],[-27,74],[58,90],[46,-80],[79,4],[12,61],[178,20],[47,-60],[92,62],[73,1],[83,-35],[17,-48],[79,37],[-115,107],[-123,90],[-125,-1],[17,38],[-42,113],[-91,79],[-52,119],[8,61],[-63,56],[208,50],[72,-5],[40,-27],[-18,-77],[108,43],[-18,75],[10,60],[100,27],[158,-88],[22,115],[92,-1],[98,-85],[6,-58],[118,-70],[-16,-72],[91,38],[46,-35],[-36,-73],[49,-11],[53,44],[38,-65],[-32,-66],[-10,-76],[121,40],[-14,-68],[24,-28],[5,-106],[25,-63],[114,-60],[10,79],[39,84],[71,20],[-31,53],[60,11],[31,-53],[-33,-55],[15,-42],[125,26],[43,124],[97,20],[67,-58],[24,-50],[92,-93],[72,-11],[50,51],[-81,67],[-5,41],[83,35],[136,-102],[38,-11],[64,-75],[94,-36],[93,-78],[6,-36],[-66,-67],[39,-35],[-36,-65],[102,-39],[45,2],[173,-78],[-8,-39],[77,-19],[146,-142],[58,11],[54,-69],[67,-55],[84,-43],[-5,-75],[61,-20],[15,-86],[78,-40],[138,-141],[48,-22],[61,-101],[30,-188],[56,16],[32,-56],[59,-11],[-32,-129],[48,-38],[78,-119],[92,54],[27,-68],[49,-43],[101,1],[51,-67],[-43,-118],[60,-34],[17,-66],[36,-15],[135,70],[57,-2],[64,-45],[129,-127],[-8,-90],[72,3],[159,-61],[59,-68],[33,-71],[100,-34],[47,27],[61,-15],[6,-150],[-54,59],[-61,-23],[-32,-156],[61,-162],[-124,-12],[-141,-71],[74,-32],[-55,-107],[-58,-154],[24,-62],[-4,-97],[-49,-66],[-18,-105],[29,-74],[-82,-79],[-18,-66],[28,-70],[8,-94],[50,-39],[-26,-79],[-3,-90],[-28,-158],[34,-61],[-71,-64],[-25,-47],[7,-85],[68,-100],[10,-82],[-44,-150],[-76,-136],[-68,-43],[59,-43],[120,75],[114,210],[22,138],[-5,81],[17,74],[1,131],[-54,121],[-9,164],[58,85],[62,-55],[71,-29],[96,-78],[77,-101],[155,-142],[6,-49],[92,-101],[-13,-53],[16,-120],[51,-134],[30,87],[-34,30],[-11,136],[30,143],[-81,141],[-140,107],[-70,149],[14,132],[-11,118],[-96,116],[34,131],[95,199],[122,59],[94,30],[55,-58],[78,-162],[16,12],[-59,135],[-81,100],[17,106],[91,15],[21,-146],[53,-113],[73,-204],[29,26],[-39,136],[-2,82],[101,-8],[-129,85],[12,96],[4,202],[45,-14],[69,-109],[112,-98],[26,-79],[82,-98],[26,22],[-65,73],[-81,206],[38,92],[54,-90],[119,-147],[-14,105],[26,49],[-138,204],[-80,64],[-134,58],[49,41],[87,24],[72,-45],[243,100],[92,10],[65,27],[100,-74],[98,-41],[42,53],[78,1],[54,-22],[152,-17],[99,-62],[64,-73],[57,11],[162,-31],[126,-48],[93,-9],[182,18],[209,-75],[122,-4]],[[107382,102206],[-96,-33],[-40,70],[28,59],[140,-7],[165,-92],[-197,3]],[[108556,101949],[-79,31],[-83,-11],[19,56],[174,-34],[-31,-42]],[[106779,101857],[-38,58],[50,27],[99,-49],[-35,-69],[-76,33]],[[106018,101977],[43,109],[74,-12],[-117,-97]],[[106547,102100],[44,-49],[-36,-59],[-43,24],[35,84]],[[170639,12578],[-76,-78],[-139,-26],[-70,-60],[-44,21],[-107,-62],[-28,-38],[-74,16],[-66,46],[-22,80],[-64,119],[114,29],[-16,104],[23,37],[-10,93],[-36,63],[-123,91],[-35,132],[91,156],[24,87],[-24,50],[17,56],[-53,130],[15,85],[-20,91],[159,49],[123,119],[27,81],[-35,90],[7,68],[83,44],[29,-22],[339,-137],[84,-79],[123,-70],[-30,-230],[12,-140],[27,-77],[59,-76],[-11,-49],[-69,-111],[20,-155],[88,-37],[-11,-184],[-60,-136],[-55,-37],[8,-56],[-121,-23],[-73,-54]],[[184509,13868],[154,15],[9,-59],[-107,-3],[-56,47]],[[184791,13980],[138,56],[19,-33],[-67,-40],[-90,17]],[[184107,12721],[25,-50],[-95,-120],[-4,-65],[-75,-25],[-37,37],[89,49],[51,165],[46,9]],[[173796,10810],[96,-125],[-107,25],[11,100]],[[184335,11790],[114,-25],[127,36],[-20,-85],[-73,-22],[-55,21],[-93,75]],[[182450,14536],[-28,101],[41,50],[64,5],[59,-37],[6,-68],[-142,-51]],[[185955,11876],[88,20],[31,-57],[-55,-32],[-73,12],[9,57]],[[184993,11383],[-120,-16],[-12,105],[168,99],[96,8],[73,58],[109,-4],[65,20],[241,-54],[116,86],[119,-29],[87,61],[66,-8],[98,65],[64,-4],[75,-111],[172,-128],[90,-16],[34,-93],[89,-128],[-95,20],[-215,-146],[-65,3],[-87,-45],[-34,88],[-72,114],[-110,16],[-130,-91],[-83,-39],[-75,84],[-226,-40],[-102,22],[-119,-28],[-131,21],[-1,47],[-78,19],[-7,44]],[[185331,11054],[55,36],[153,16],[41,25],[84,-45],[71,62],[27,-159],[-94,-75],[-112,-135],[-109,94],[-125,4],[27,90],[-86,11],[68,76]],[[173480,11288],[107,42],[62,52],[-26,48],[26,42],[211,-24],[105,-98],[-74,-35],[3,-59],[-78,-56],[-129,-45],[-127,50],[-23,54],[-57,29]],[[185153,3651],[-30,49],[-74,37],[-33,85],[61,49],[79,135],[79,-49],[111,0],[60,-79],[-2,-52],[81,-92],[-111,-53],[-57,20],[-104,-4],[-54,-56],[96,-97],[-5,-50],[-92,-20],[-93,4],[-66,-55],[-44,39],[80,104],[18,53],[100,32]],[[185978,4820],[-65,29],[-88,-14],[-60,75],[64,45],[113,-20],[34,26],[82,-41],[-10,-44],[61,-87],[-85,-5],[-46,36]],[[184564,12861],[-8,125],[-70,115],[-79,59],[-87,-13],[-114,-51],[-33,47],[-128,43],[-42,54],[83,37],[145,102],[48,-14],[93,50],[-31,55],[100,70],[-64,86],[43,48],[53,-48],[147,59],[78,77],[60,-20],[19,-121],[161,-57],[138,-143],[185,-157],[171,-174],[160,-101],[64,4],[219,-73],[72,11],[-26,-178],[25,-176],[-49,-67],[-124,-48],[-53,-61],[110,-18],[142,46],[90,-245],[56,-92],[-74,-43],[-108,-31],[-94,74],[-170,-4],[-77,-54],[-17,-81],[-94,-44],[-137,-35],[-122,34],[-110,54],[-116,95],[64,41],[-8,41],[-75,79],[-7,123],[-33,105],[-68,50],[-120,38],[-61,145],[-78,29],[-91,-14],[-33,79],[75,88]],[[186062,12972],[40,70],[66,-67],[-106,-3]],[[183951,2218],[-172,-34],[-60,53],[-153,50],[1,114],[-33,106],[32,35],[199,38],[4,43],[-65,121],[48,16],[170,-51],[14,-74],[-80,-123],[83,-59],[53,7],[15,-73],[86,-38],[126,0],[117,-21],[-17,67],[99,19],[28,37],[-114,71],[21,73],[-53,60],[70,22],[-7,54],[-109,55],[-6,110],[135,17],[111,-17],[72,42],[-110,26],[-1,41],[66,70],[113,-35],[8,-51],[58,-34],[60,21],[148,-147],[-44,-77],[46,-94],[-83,-65],[-53,-2],[-34,-62],[-91,-42],[9,-54],[85,-36],[2,-77],[105,-249],[74,-31],[-72,-40],[-67,-92],[8,-48],[118,-73],[-43,-17],[-140,27],[-12,70],[-183,23],[-5,137],[-23,84],[-57,-24],[-92,-82],[58,-34],[-32,-57],[68,-30],[-18,-61],[-86,69],[-140,-80],[-14,-92],[-71,24],[-12,58],[-242,82],[-58,79],[24,28],[-43,72],[51,54],[97,-10],[32,54],[-19,57]],[[182146,1297],[-44,74],[69,43],[5,63],[103,47],[0,60],[97,16],[31,-70],[98,31],[76,79],[5,98],[-38,42],[147,83],[-31,68],[-177,23],[-42,-25],[-118,20],[35,44],[-20,52],[78,25],[71,-19],[57,69],[-125,11],[57,113],[109,74],[17,-73],[78,-64],[63,-81],[-25,-128],[72,-57],[-11,-66],[54,-17],[26,-64],[-55,-58],[-91,-15],[-145,-77],[-86,-85],[-29,-61],[7,-129],[92,-70],[69,63],[46,-38],[-3,-99],[-109,-51],[-21,-91],[-57,-62],[-24,-86],[24,-76],[-93,-46],[-78,21],[-59,56],[-57,-18],[-18,89],[47,39],[-50,104],[-53,45],[-88,-19],[0,-104],[-79,-142],[-166,16],[2,93],[-158,131],[92,22],[130,-156],[99,9],[-23,64],[2,146],[18,77],[197,37]],[[178934,521],[109,0],[2,-35],[-114,-24],[3,59]],[[173599,10331],[24,55],[-9,104],[139,100],[31,77],[83,-90],[108,-1],[38,-41],[114,-60],[107,-26],[71,-77],[-69,-20],[-60,41],[-106,-21],[-81,14],[-139,-83],[-63,13],[-47,-34],[-90,9],[-51,40]],[[174229,10216],[31,12],[109,-91],[-12,-50],[-108,38],[-20,91]],[[173303,11438],[21,-268],[-10,-96],[-66,-91],[-6,-70],[24,-74],[-69,-104],[-77,44],[-40,77],[30,70],[-24,39],[-56,190],[72,-20],[90,12],[56,66],[-22,46],[77,179]],[[182230,2170],[-31,-114],[-36,-48],[1,-79],[49,-42],[27,-91],[-18,-77],[-55,-93],[-90,-54],[-120,16],[-52,-23],[-92,61],[6,53],[-75,25],[-82,-12],[-32,90],[86,34],[-81,98],[-138,-133],[-93,35],[-67,68],[-77,3],[101,259],[14,123],[-142,-184],[-38,-243],[92,-18],[36,-43],[171,-95],[83,-79],[75,-31],[-69,-52],[-35,-98],[-97,40],[-138,-41],[176,-114],[-7,-55],[-68,-49],[-69,-113],[50,-51],[-182,12],[-50,-57],[124,-46],[-192,-52],[-27,-45],[66,-139],[-128,-13],[-60,42],[-55,-107],[18,-100],[78,35],[37,-27],[-8,-63],[-210,-112],[-96,-4],[-11,50],[-111,56],[-207,-27],[-74,-60],[-99,12],[-44,95],[-119,1],[21,44],[-80,20],[-221,183],[9,139],[-57,62],[-48,-35],[13,-125],[-71,-64],[-94,19],[-66,-55],[-105,-5],[-254,42],[-155,54],[-70,-22],[-34,-53],[-95,-28],[-88,62],[23,95],[-83,31],[-148,-1],[12,-124],[-46,-43],[-57,25],[-26,72],[-72,31],[-39,-59],[-136,-28],[-4,-56],[-114,-1],[-13,-38],[-128,13],[22,145],[-53,68],[14,71],[-118,124],[-23,89],[-171,115],[91,9],[60,138],[57,-54],[168,-7],[72,-22],[116,26],[105,-33],[11,-90],[120,10],[-23,52],[164,0],[70,-42],[-5,162],[-96,38],[-202,-15],[-19,-81],[-80,-11],[-135,53],[-42,94],[-126,-124],[-161,65],[-15,62],[-75,36],[48,84],[5,118],[-105,19],[-66,86],[-51,-19],[52,-95],[-82,-40],[-25,-46],[-95,17],[-31,-51],[60,-56],[99,83],[58,-7],[-11,-94],[-88,-25],[-107,-65],[-143,137],[-70,119],[-24,97],[-69,105],[-83,-13],[-67,163],[-49,13],[14,86],[-108,-17],[-133,84],[72,96],[5,41],[-104,37],[-62,65],[-108,56],[-68,116],[-107,14],[-106,-42],[-115,14],[-21,137],[-78,111],[-51,5],[-54,76],[-50,112],[-40,166],[-57,85],[-84,66],[46,108],[-47,19],[-49,106],[3,109],[-123,17],[11,70],[-198,61],[70,54],[5,96],[-86,27],[10,35],[-76,102],[5,65],[-91,112],[60,67],[-2,44],[-57,73],[5,77],[-52,137],[-97,96],[0,52],[60,51],[-30,152],[-52,31],[12,52],[-66,72],[82,33],[60,-46],[64,-108],[19,-71],[60,-12],[-6,-70],[97,20],[97,-48],[14,-85],[146,-75],[170,-111],[42,14],[78,-39],[77,-80],[-18,-112],[38,-55],[30,-112],[52,38],[-34,87],[-46,53],[122,43],[76,-42],[45,38],[72,111],[-1,51],[-100,125],[-61,31],[-82,-60],[-52,85],[-112,31],[-22,71],[-83,45],[-83,89],[-50,25],[10,134],[-35,105],[-43,29],[-195,-35],[-92,-80],[71,-34],[7,-50],[-79,-17],[-160,59],[106,99],[28,71],[16,126],[-30,184],[-94,205],[-156,251],[-238,151],[-52,68],[-134,90],[-9,51],[-220,180],[-11,59],[-124,137],[-79,34],[-46,-26],[-65,52],[-21,77],[54,32],[-65,72],[-11,86],[-58,140],[-196,269],[-74,73],[-107,155],[-132,77],[83,38],[39,50],[-27,124],[-59,75],[-59,31],[-27,78],[-49,16],[-43,143],[-91,87],[40,100],[-14,63],[-65,96],[-10,78],[20,160],[-57,126],[-75,40],[-82,111],[51,29],[6,144],[-67,78],[66,46],[63,9],[32,54],[100,-5],[63,91],[36,88],[-5,66],[-53,78],[32,53],[4,146],[-76,20],[-27,101],[68,100],[-46,33],[27,53],[130,25],[48,-51],[1,-89],[227,-57],[35,-30],[89,3],[32,-60],[121,-36],[200,-21],[121,18],[91,-17],[80,-111],[127,3],[57,-67],[129,-16],[64,-89],[35,60],[105,16],[38,37],[201,19],[115,-23],[30,58],[9,101],[-65,127],[111,-57],[50,-4],[-26,-92],[-56,-80],[-15,-73],[256,-133],[154,1],[164,-61],[155,-10],[104,38],[76,-51],[10,-49],[135,-95],[68,9],[61,-37],[200,-53],[111,4],[180,-32],[-29,-72],[66,-72],[93,-23],[60,-65],[121,-61],[118,-23],[93,7],[118,-36],[11,-40],[96,-23],[60,12],[157,-47],[37,-31],[245,-100],[151,-18],[40,-51],[103,-20],[30,-32],[121,-4],[117,-25],[81,26],[71,-23],[293,-11],[33,-54],[216,52],[136,7],[111,38],[123,64],[62,12],[-10,-96],[52,-24],[56,-90],[-34,-30],[48,-79],[65,9],[-38,97],[-16,141],[105,27],[94,54],[81,107],[65,-28],[81,39],[82,67],[112,-49],[90,8],[129,-123],[0,-69],[47,-40],[-6,-67],[81,-21],[81,40],[39,49],[164,-69],[-82,-131],[120,-81],[64,-100],[96,-41],[-35,-80],[19,-52],[113,-33],[89,-82],[59,-1],[-8,85],[-160,15],[-74,60],[132,76],[-93,93],[-159,70],[-7,71],[-56,15],[-14,56],[79,39],[-226,153],[-147,-25],[-92,51],[-8,103],[-40,54],[4,50],[77,64],[200,86],[24,-28],[96,-8],[128,19],[145,106],[115,43],[34,-32],[74,15],[74,-47],[156,17],[125,-62],[93,12],[156,60],[110,121],[109,51],[87,-55],[150,62],[50,-112],[94,-31],[38,-80],[163,6],[178,81],[124,97],[172,187],[111,169],[85,7],[125,69],[98,-49],[77,-76],[123,15],[143,-78],[189,-25],[176,58],[127,129],[101,140],[43,119],[48,52],[216,-32],[30,-76],[152,0],[66,-51],[59,-93],[-11,-53],[208,-28],[48,26],[110,-51],[16,-65],[58,-69],[85,-20],[52,-101],[100,-72],[16,-80],[42,-55],[79,-45],[-66,-46],[-84,-91],[-80,-1],[62,-96],[-17,-80],[-60,-100],[-5,-103],[51,-77],[-55,-52],[11,-77],[96,-154],[108,6],[15,-77],[-150,-115],[13,75],[-55,6],[-32,-94],[-44,-54],[52,-50],[195,111],[-49,-134],[-66,-88],[-20,-94],[-45,-80],[-33,-106],[-7,-122],[30,-49],[41,-170],[105,-67],[18,-169],[-97,-126],[-16,-91],[22,-27],[-39,-88],[18,-115],[-88,-171],[11,-118],[71,-101],[85,-26],[-25,-60],[70,-90],[-62,-48],[-15,-59],[27,-44],[-58,-35],[-36,-111],[-1,-104],[54,-79],[41,1],[66,-148],[46,-9],[11,-70],[-86,-46],[-11,-113],[106,-42],[34,-39],[-47,-65],[13,-39],[-83,-55],[-31,-123],[-59,-24],[-42,83],[-91,14],[-38,81],[50,8],[98,126],[-111,105],[54,50],[77,21],[-11,54],[-96,41],[-62,-7],[-34,79],[-119,48],[-182,6],[-4,36],[56,74],[152,28],[111,130],[-57,45],[-117,-125],[-85,41],[-105,-27],[15,-58],[59,-62],[-46,-36],[-80,5],[-10,-67],[85,20],[55,-34],[62,9],[170,-32],[3,-28],[-237,28],[-135,-3],[-141,-29],[-61,-50],[24,-160],[-45,-103],[-86,-61],[-105,-102],[49,-66],[-44,-33],[2,-58],[-52,-80],[49,-41],[36,-74],[-56,-104],[-74,-56],[-28,-62],[106,-117],[-49,-120],[1,-86],[-139,-104],[-12,-65],[-241,19],[-26,-73],[94,-9],[37,-72],[67,-45],[-11,-104],[80,-37],[28,-85],[-19,-54],[-69,-58],[28,-83],[-41,-35],[-126,-25],[-93,-129],[-19,-100],[-56,-92],[-140,-175],[-191,-46],[-144,53],[-152,-47],[-152,92],[-100,26],[40,80],[-47,31],[-96,119],[-113,46],[-139,8],[-94,-67],[-113,67],[-26,-56],[100,-46],[50,-55],[49,33],[71,-30],[197,11],[-21,-43],[-100,-17],[-100,-43],[-16,-73],[-60,-108],[23,-33],[107,-48],[21,-35],[-100,-81],[51,-67],[20,-76],[-47,-44],[-325,-79],[-74,23],[34,65],[-63,40],[32,87],[93,-165],[75,-15],[74,32],[-14,81],[38,49],[-103,79],[28,173],[-77,13],[-59,-111],[-46,17],[33,95],[-51,83],[-184,26],[-8,78],[-42,22],[-64,97],[-130,50],[29,48],[-79,25],[-34,104],[-170,51],[141,-111],[46,-61],[-46,-67],[74,-62],[72,22],[102,-46],[-8,-80],[62,-35],[16,-57],[-33,-62],[84,-28],[23,-60],[-28,-89],[-109,-109],[2,-68],[71,-153],[-109,-38],[-87,118],[-37,-7],[-80,-147],[155,-51],[-71,-78],[-84,3]],[[144504,95876],[-58,57],[65,19],[-7,-76]],[[130687,111860],[-5,83],[94,-51],[-27,-46],[-62,14]],[[144986,95908],[-22,35],[-24,147],[44,25],[-4,50],[47,71],[37,-7],[109,75],[-29,126],[100,-37],[43,-134],[102,-22],[52,-33],[24,-49],[-13,-63],[26,-105],[-23,-76],[9,-60],[37,-49],[54,-17],[-32,-129],[-49,-57],[-104,-50],[-57,24],[15,71],[-26,50],[-72,-23],[-95,88],[-44,158],[-105,58],[0,-67]],[[143789,96528],[-46,-21],[-29,-68],[16,-109],[-41,-110],[-140,19],[-55,-44],[-79,0],[-68,44],[58,46],[3,73],[-26,44],[45,38],[18,62],[-37,67],[89,32],[122,17],[46,52],[96,-31],[28,-111]],[[144270,96215],[30,21],[82,-26],[44,11],[125,-58],[18,-59],[-70,-72],[-73,-8],[39,-73],[-118,-76],[-157,-18],[-1,54],[55,62],[-27,42],[-2,152],[55,48]],[[144709,96340],[26,-63],[-42,-38],[-74,32],[-27,58],[-2,75],[61,39],[-51,78],[6,61],[56,20],[65,-9],[55,-156],[9,-57],[-82,-40]],[[140437,98752],[2,25],[97,57],[15,74],[-18,33],[36,55],[78,-6],[42,-38],[32,-94],[-2,-67],[-104,-14],[-20,22],[-91,-70],[-67,23]],[[144584,96489],[-6,-62],[-127,11],[-43,68],[68,13],[108,-30]],[[118773,99093],[-70,80],[114,-25],[97,-47],[-35,-30],[-106,22]],[[144414,96327],[-36,17],[40,63],[79,-18],[5,-38],[-88,-24]],[[140119,100128],[6,48],[97,-11],[-65,-85],[-38,48]],[[143896,96353],[34,45],[86,-28],[-2,-32],[-118,15]],[[143066,102358],[-30,73],[50,55],[43,2],[19,-53],[57,38],[28,-51],[110,-13],[92,37],[24,40],[-10,71],[66,25],[-8,-90],[55,-20],[71,37],[97,11],[-25,64],[135,-7],[2,75],[-66,23],[15,61],[-24,36],[-79,25],[2,140],[75,4],[77,-33],[-51,-43],[25,-43],[56,49],[77,-2],[53,22],[51,118],[120,20],[28,-100],[-46,-91],[-129,-60],[24,-114],[27,-38],[88,-12],[-32,-59],[59,-81],[-18,-74],[108,29],[42,-31],[154,-51],[113,57],[22,90],[-46,38],[43,182],[95,-25],[64,9],[60,-35],[32,-87],[-7,-62],[-101,-121],[-93,-172],[-3,-61],[-162,23],[-78,-42],[-81,-141],[-23,-154],[57,-76],[98,15],[4,-59],[-152,-24],[-62,-84],[-54,10],[-66,-81],[-12,-61],[-39,-13],[12,-94],[37,-49],[-32,-40],[66,-76],[109,0],[36,-33],[81,12],[-38,57],[47,82],[54,5],[153,-124],[32,-72],[96,-4],[55,28],[77,132],[95,18],[69,-28],[-37,-100],[-68,-33],[68,-132],[-41,-46],[23,-70],[-43,-17],[-2,-57],[-102,41],[-47,-67],[-60,11],[-38,64],[-43,19],[-57,-38],[-36,40],[-168,60],[-150,5],[-213,-91],[-104,-32],[-65,33],[-35,71],[-153,18],[-55,-5],[-102,22],[-60,69],[-113,-11],[-130,67],[-66,75],[-151,-21],[-141,-61],[-107,-80],[-9,104],[67,37],[199,84],[69,50],[6,60],[87,104],[-50,82],[1,52],[-41,69],[14,33],[-22,107],[3,82],[-31,51],[46,89],[56,195],[-10,54],[-59,84]],[[142253,102577],[-7,62],[-54,12],[-78,-37],[-7,-37],[59,-106],[-1,-49],[-140,-6],[-84,75],[53,92],[-38,82],[11,110],[49,-6],[72,-50],[53,-10],[67,28],[-20,48],[17,87],[42,27],[2,84],[125,26],[92,-43],[6,-62],[45,5],[40,-46],[60,-8],[15,-75],[-47,-37],[-47,13],[-65,-43],[79,-24],[17,-123],[-72,25],[-18,-161],[-50,-52],[-129,-33],[-25,30],[47,81],[-69,121]],[[142070,103486],[32,38],[-97,138],[44,68],[-28,45],[49,68],[-26,42],[11,83],[45,-7],[46,-115],[46,-10],[7,-57],[104,-60],[-24,-49],[-104,6],[-78,-91],[69,-52],[-6,-45],[-61,-5],[-27,-134],[-46,88],[44,49]],[[143361,102823],[60,0],[37,55],[47,-129],[-16,-49],[24,-71],[-79,-61],[-89,56],[-27,65],[-64,31],[10,93],[97,10]],[[119953,104678],[38,78],[100,3],[62,-66],[-75,-20],[-125,5]],[[142884,102395],[-107,-8],[-12,19],[70,95],[50,0],[22,-48],[-23,-58]],[[141839,103675],[30,55],[83,-44],[-85,-31],[-28,20]],[[116275,98843],[109,-24],[44,-52],[80,36],[94,-53],[75,-95],[-9,-90],[74,40],[79,-62],[129,-66],[-27,-123],[-40,-46],[-1,-54],[69,-165],[43,-74],[-55,-71],[-41,-23],[4,-60],[-66,-68],[52,-33],[82,137],[79,9],[81,83],[-11,69],[44,45],[-39,95],[54,41],[10,55],[44,23],[-109,67],[17,114],[-31,101],[9,125],[-22,153],[-25,49],[57,55],[91,-37],[-20,-51],[169,28],[179,-67],[49,-92],[85,-19],[66,-34],[119,-19],[119,-43],[171,-236],[9,-77],[47,-20],[121,-104],[118,-150],[-19,-85],[-139,-76],[13,-85],[65,88],[108,2],[53,54],[110,-5],[51,-31],[54,60],[-121,108],[-38,70],[-2,127],[-73,148],[11,146],[-56,28],[-66,-49],[-23,69],[-134,212],[-37,38],[-22,86],[-109,139],[21,50],[100,-62],[151,-169],[60,-119],[93,32],[-3,41],[-106,94],[-50,121],[21,29],[152,-106],[37,-50],[95,26],[94,-43],[87,-11],[126,5],[61,21],[146,-47],[156,51],[9,49],[142,52],[-30,22],[92,117],[-69,8],[-99,-51],[-127,-111],[-73,-3],[-59,-28],[-97,10],[-13,73],[68,18],[70,71],[-209,-58],[-89,52],[-109,40],[-50,39],[-4,101],[-71,37],[-100,126],[-71,14],[-60,114],[14,94],[169,10],[219,-7],[91,99],[85,17],[113,99],[-25,24],[-233,-70],[-114,-58],[-56,3],[-158,40],[-157,18],[-39,38],[-125,16],[-25,58],[-94,95],[-54,28],[-81,-33],[-3,74],[-60,18],[-56,62],[10,30],[-51,59],[-82,44],[-103,4],[19,124],[47,95],[-26,52],[97,78],[76,118],[-19,159],[47,11],[71,67],[111,127],[75,154],[33,100],[-16,141],[58,-33],[71,46],[30,-113],[-42,-83],[-2,-69],[44,-35],[53,8],[-9,82],[16,78],[44,49],[41,-40],[46,6],[58,95],[2,34],[-73,67],[17,27],[118,-68],[97,10],[160,75],[69,21],[98,136],[22,84],[-23,17],[5,91],[-43,74],[-73,14],[27,156],[63,72],[81,53],[113,113],[-30,51],[21,121],[-26,28],[22,182],[103,210],[49,167],[-19,142],[175,60],[-22,62],[65,105],[47,-37],[3,-140],[99,-94],[120,-27],[120,2],[88,23],[173,109],[142,139],[39,-33],[88,30],[76,73],[102,143],[175,384],[-86,157],[-200,209],[-107,-5],[-52,43],[10,105],[54,99],[-51,54],[34,190],[38,91],[-6,73],[-32,64],[36,56],[7,58],[65,14],[60,65],[63,-8],[-2,-52],[46,-50],[62,-23],[139,25],[152,87],[42,48],[64,25],[3,46],[52,115],[39,140],[-20,41],[-3,110],[15,97],[-36,67],[21,154],[46,-25],[115,-9],[-2,67],[52,18],[85,67],[34,-28],[58,19],[118,-99],[61,10],[34,-56],[7,-78],[56,-34],[68,38],[68,-21],[35,-37],[93,-13],[117,37],[150,-15],[-103,84],[-75,20],[-40,48],[-91,5],[-46,-34],[-40,98],[-99,77],[125,25],[27,-24],[64,84],[-75,52],[-41,-24],[-28,103],[82,224],[56,46],[-85,77],[134,74],[-33,48],[-75,14],[13,75],[94,57],[135,-26],[105,-73],[79,7],[73,-48],[98,-3],[48,-37],[-32,-146],[50,-40],[26,-53],[-33,-60],[42,-120],[68,78],[37,-2],[22,-63],[93,6],[3,-37],[91,-117],[52,-16],[124,-1],[59,-16],[44,-92],[40,63],[-99,122],[-61,31],[-96,-2],[-50,206],[48,-19],[137,40],[21,-85],[67,-26],[-14,125],[-44,74],[-80,9],[-46,-50],[-93,42],[77,27],[-141,92],[-3,-76],[-69,37],[-19,35],[39,130],[116,192],[87,83],[107,-39],[109,-14],[103,17],[138,-63],[69,8],[-100,124],[48,170],[20,115],[-35,76],[-61,25],[-36,78],[31,88],[152,61],[23,-53],[49,-30],[80,45],[93,-4],[7,-69],[37,-26],[83,8],[33,39],[84,-96],[146,-99],[36,39],[6,67],[76,110],[-11,92],[72,98],[-16,97],[112,125],[8,-91],[73,-68],[-21,-81],[27,-26],[-26,-62],[31,-31],[-31,-69],[49,-119],[141,-146],[106,-66],[177,-55],[98,-12],[161,4],[85,12],[222,-15],[288,-3],[32,12],[232,24],[275,98],[147,99],[74,3],[87,-100],[6,-39],[79,-58],[144,-41],[47,-1],[104,-40],[176,-23],[7,44],[213,108],[89,72],[65,91],[51,0],[142,65],[21,56],[108,5],[7,-97],[51,-72],[200,77],[70,10],[50,-63],[81,-66],[100,48],[-4,71],[101,193],[140,27],[167,75],[126,77],[48,-44],[187,65],[-23,48],[11,63],[-26,123],[72,251],[20,168],[41,22],[-35,55],[13,51],[-47,129],[-62,44],[-99,19],[-40,52],[58,67],[73,25],[24,47],[77,65],[-70,14],[-117,-21],[-196,43],[-66,98],[-63,21],[-7,119],[17,39],[191,-2],[50,-56],[89,-2],[-4,46],[-57,45],[-116,62],[-45,96],[35,13],[34,76],[-59,3],[-51,37],[23,76],[-64,6],[-50,39],[-2,65],[-89,41],[-47,63],[-122,24],[-92,-10],[-169,47],[-184,-83],[-239,33],[-97,-47],[-58,-72],[-81,2],[-82,-46],[-14,-47],[-143,-48],[-99,3],[-46,22],[-35,91],[-53,21],[-39,101],[65,7],[41,81],[-64,51],[-112,-34],[-92,29],[0,70],[-88,-30],[-78,48],[71,53],[22,132],[-177,-48],[36,68],[-97,82],[-103,57],[-64,2],[-51,-63],[-177,-33],[-75,0],[-39,75],[146,14],[27,26],[11,83],[55,-46],[91,-9],[24,29],[-100,139],[82,66],[59,-20],[38,117],[85,-36],[7,-69],[99,-95],[-17,-43],[137,37],[80,88],[-92,139],[76,-6],[21,81],[-46,55],[20,35],[80,11],[53,-62],[64,-153],[47,-33],[65,29],[35,-44],[35,-95],[103,-7],[-31,-76],[-35,-20],[64,-87],[-55,-63],[80,-130],[18,110],[109,-35],[-37,-122],[28,-7],[11,-105],[37,-79],[46,35],[98,-37],[-20,104],[-46,12],[-19,53],[27,45],[116,-63],[34,23],[17,81],[-34,62],[-128,78],[22,107],[-29,92],[35,57],[-105,130],[-34,5],[4,81],[-73,26],[7,66],[140,20],[39,-51],[4,-70],[44,-55],[75,-50],[59,-12],[-16,-58],[103,-174],[51,-7],[-1,121],[-61,61],[34,53],[-33,79],[103,33],[51,-26],[99,92],[22,42],[57,-52],[28,-150],[64,-49],[-11,-213],[-26,-69],[94,-24],[27,112],[43,-14],[14,66],[-28,47],[78,83],[54,-21],[87,-114],[114,-71],[-14,-76],[30,-123],[29,-51],[103,8],[35,-79],[47,-25],[56,-77],[53,-36],[65,-8],[63,-110],[-1,-105],[86,-133],[189,-47],[81,19],[50,66],[59,38],[51,61],[34,78],[73,18],[69,98],[-13,31],[95,41],[31,-75],[55,-12],[34,-41],[72,35],[-11,56],[32,61],[-57,47],[-10,44],[-91,63],[23,34],[96,-35],[69,29],[61,-111],[137,-191],[89,-17],[46,-36],[44,-101],[89,-134],[112,-71],[-29,-84],[20,-50],[97,-161],[11,-68],[94,-112],[4,-37],[91,-122],[79,-38],[182,-40],[120,12],[129,83],[135,39],[53,-27],[13,-61],[-46,-26],[-88,7],[-32,-50],[12,-68],[38,-39],[177,38],[62,32],[49,60],[44,-90],[-25,-65],[110,12],[85,-95],[69,70],[79,0],[119,72],[19,-32],[-25,-60],[-2,-82],[-28,-36],[16,-74],[-57,-66],[48,-27],[43,114],[91,101],[150,-9],[-3,-97],[96,7],[31,39],[89,22],[-2,45],[101,78],[174,1],[123,70],[16,76],[60,51],[100,-14],[54,22],[71,-97],[159,-10],[67,33],[19,-81],[-68,-58],[-16,-68],[-39,-26],[-99,24],[-57,-26],[-87,-95],[71,-134],[58,8],[66,-79],[4,-34],[128,11],[8,-45],[231,79],[33,21],[59,96],[121,29],[92,-50],[-9,-59],[57,-72],[-32,-32],[12,-56],[86,19],[27,46],[108,42],[6,-57],[139,-142],[-73,-26],[8,-83],[64,-34],[67,-100],[-37,-67],[-10,-67],[-57,-97],[45,-99],[49,81],[17,100],[122,116],[86,15],[10,74],[-17,42],[40,49],[91,20],[80,-93],[144,-101],[174,-44],[86,-46],[170,2],[16,-24],[203,14],[153,43],[126,18],[191,119],[110,168],[207,31],[13,29],[82,-31],[-21,-150],[55,-17],[64,-146],[41,1],[122,-41],[-6,-180],[50,-63],[104,-11],[91,-59],[71,31],[66,-10],[83,-41],[58,-59],[68,-134],[148,-117],[34,-46],[256,84],[64,0],[54,-40],[23,-57],[170,-102],[20,24],[-161,217],[143,-30],[136,33],[55,-1],[63,-100],[103,-14],[82,27],[-14,34],[-77,-2],[-85,48],[-50,68],[-82,7],[-51,77],[121,9],[55,53],[63,2],[57,58],[-48,37],[5,39],[78,41],[88,19],[65,79],[68,-29],[32,35],[87,-5],[-53,-64],[39,-42],[128,0],[60,16],[137,81],[44,84],[66,-11],[26,-78],[89,-43],[165,105],[74,29],[67,76],[115,18],[148,84],[87,0],[112,58],[118,44],[73,6],[103,35],[38,-37],[-111,-17],[-37,-61],[-139,-114],[-72,-33],[-111,-161],[-103,-42],[-54,-79],[-52,-22],[-123,-119],[-1,-116],[90,-135],[53,-46],[65,-25],[70,-115],[63,110],[50,29],[60,-22],[8,125],[114,75],[48,58],[109,11],[53,91],[56,3],[-8,-75],[52,-32],[52,118],[70,-35],[257,151],[-14,86],[48,44],[63,-25],[-59,-126],[-36,-18],[-88,-125],[-176,-189],[9,-47],[91,-48],[34,-81],[130,15],[29,87],[125,35],[60,-29],[-42,-108],[-58,4],[-20,-67],[-76,-16],[53,-67],[-59,-78],[-37,-79],[-79,-55],[8,-69],[99,-11],[17,-73],[-40,-61],[31,-55],[94,-65],[56,12],[3,58],[65,82],[56,-90],[43,-5],[174,66],[57,-5],[14,-77],[130,-18],[97,20],[164,99],[129,113],[26,64],[-27,44],[79,84],[30,95],[106,203],[-26,111],[-62,69],[-85,-23],[-82,21],[-188,-32],[-106,104],[-82,-42],[-68,15],[8,114],[91,-12],[51,39],[75,117],[125,150],[-8,20],[136,62],[85,-4],[21,-32],[100,124],[38,-17],[51,64],[2,44],[110,131],[58,-43],[51,49],[66,24],[81,-11],[137,47],[23,68],[188,19],[-106,-88],[-208,-67],[-79,-6],[-16,-84],[-71,0],[22,-71],[95,-52],[52,1],[21,75],[35,34],[75,-16],[19,-93],[61,-145],[61,-81],[64,-21],[-22,-70],[13,-43],[-33,-67],[70,-136],[12,-60],[89,-75],[78,-36],[4,-114],[57,-45],[71,4],[106,-19],[24,45],[79,-1],[77,137],[-142,74],[-72,84],[75,13],[14,39],[197,45],[23,-70],[119,-114],[127,2],[65,-31],[38,-87],[56,-6],[-1,-99],[96,-13],[-1,-47],[41,-97],[-39,-65],[67,-94],[-149,-67],[-51,-84],[-72,-40],[-96,-96],[-137,-170],[-115,-105],[-47,26],[49,52],[7,46],[72,23],[-13,135],[-49,4],[-67,-55],[-139,-89],[63,-66],[19,-80],[-23,-66],[-67,0],[-21,-62],[53,-43],[-90,-86],[-44,-70],[-48,-130],[10,-67],[52,-39],[-4,-40],[-237,35],[-71,-60],[-24,-98],[65,-35],[15,-63],[-38,-60],[-19,-76],[14,-60],[-100,49],[-16,67],[5,109],[-56,13],[-104,70],[-45,-48],[3,-61],[33,-61],[-58,-52],[-127,133],[-66,-49],[10,-41],[72,-23],[-38,-105],[16,-38],[83,-26],[15,-57],[124,-83],[17,-89],[37,14],[276,-133],[43,-139],[70,-36],[-47,-43],[-73,8],[-21,138],[-43,21],[-68,-43],[-54,-64],[5,-67],[-60,10],[-6,123],[-45,50],[-91,-72],[-42,29],[-84,-52],[-115,62],[-25,-60],[95,-22],[100,6],[3,-55],[97,-38],[-18,-34],[27,-78],[106,-10],[-75,-118],[-62,-181],[-66,24],[-66,-34],[-47,-68],[-26,-157],[12,-66],[-73,-70],[-32,22],[27,82],[-136,-34],[-55,-25],[-52,-86],[-151,-197],[-37,0],[-55,101],[50,24],[18,57],[-37,73],[83,11],[74,-14],[55,64],[-29,93],[-45,29],[11,105],[-48,61],[52,25],[-50,80],[49,36],[-24,48],[28,48],[-24,77],[-104,37],[-99,-92],[-6,-73],[52,-90],[-52,-83],[12,-75],[-99,-7],[-216,113],[-9,-54],[81,-63],[-27,-63],[-76,-72],[-3,-84],[-46,-48],[-56,9],[-28,37],[-92,-44],[-16,91],[-39,26],[25,69],[32,153],[-36,80],[-63,-31],[-17,-39],[-63,-27],[16,-67],[-102,-115],[8,-100],[-73,30],[-45,-57],[47,-70],[-75,-98],[-39,165],[-50,89],[-59,15],[-87,-65],[-23,-120],[-56,2],[-23,50],[-106,-60],[-36,-108],[-55,-37],[-44,-97],[-5,-74],[148,-77],[-6,-68],[26,-46],[155,25],[-30,-120],[-68,36],[-46,-25],[23,-54],[-65,-7],[-18,55],[-108,66],[-72,-35],[-19,-40],[23,-76],[-6,-88],[-27,-87],[41,-58],[-1,-64],[-40,-38],[-55,1],[-16,-84],[38,-83],[70,-24],[25,-125],[105,-73],[-84,-70],[41,-95],[86,-57],[156,5],[79,40],[36,49],[66,25],[19,71],[79,24],[-5,67],[72,61],[77,-40],[12,-47],[-79,-35],[-5,-55],[-69,-68],[3,-104],[-55,-20],[-49,-133],[31,-135],[-87,-99],[-7,-124],[-69,-60],[-47,-113],[-43,-20],[-99,-87],[-32,-61],[23,-44],[-7,-116],[-28,-110],[-51,-68],[-4,-92],[-31,-206],[-166,-101],[-72,-62],[-97,-10],[-144,-157],[-107,-29],[39,-36],[-83,-150],[-101,-155],[-41,-46],[17,-53],[-196,-48],[-71,-97],[5,-38],[-41,-70],[2,-59],[-51,-12],[-112,-135],[-41,-78],[-33,-110],[5,-120],[52,-14],[-21,-51],[-52,15],[-89,-75],[-31,27],[-76,-29],[-85,-89],[-85,-111],[-48,-6],[-41,57],[-41,-22],[43,-158],[1,-130],[66,-133],[-11,-54],[86,-127],[15,-48],[120,-188],[117,-62],[78,-70],[189,-102],[128,-46],[99,26],[99,-54],[10,-39],[72,-22],[94,-84],[30,-47],[68,9],[223,-137],[210,-100],[133,-113],[93,-114],[149,-80],[54,-50],[184,-85],[40,-9],[101,-84],[239,-104],[98,-78],[138,2],[133,-84],[7,-111],[44,-121],[35,-48],[25,-130],[71,-124],[98,-60],[13,-41],[131,-50],[69,1],[55,-38],[75,3],[81,-70],[124,-68],[129,-134],[122,-88],[9,-27],[83,-10],[-13,51],[89,7],[166,94],[48,86],[136,-41],[55,3],[92,-43],[-31,-103],[-99,-129],[-10,-44],[-129,15],[18,-67],[63,-8],[23,-70],[66,-54],[65,-84],[6,-76],[-83,-68],[53,-117],[83,-4],[145,146],[13,-57],[184,23],[50,-31],[62,7],[55,-55],[130,-15],[38,45],[-11,54],[148,82],[84,80],[42,-88],[53,7],[158,-163],[129,-75],[96,-38],[33,6],[139,-55],[179,-106],[156,-32],[126,-172],[69,-61],[14,-42],[79,-51],[134,-58],[76,-16],[75,-61],[60,18],[102,-25],[113,-59],[79,-4],[139,-35],[21,21],[181,-55],[187,-78],[99,-50],[177,-34],[71,-112],[70,-71],[76,-138],[88,-110],[57,-47],[116,-174],[85,-77],[195,-135],[44,-64],[155,-120]],[[122269,110748],[128,-148],[-4,-68],[75,-79],[24,68],[123,-38],[-1,-36],[104,-63],[32,50],[-99,37],[21,58],[-60,29],[-2,40],[-58,21],[-20,48],[-129,25],[25,116],[213,37],[29,35],[171,9],[109,26],[124,95],[45,58],[50,-4],[245,-91],[48,-59],[151,-42],[65,69],[-37,97],[84,23],[136,72],[41,41],[42,84],[94,4],[53,-36],[26,-92],[-19,-67],[80,-78],[65,105],[-33,112],[23,111],[53,42],[102,21],[17,90],[172,-39],[61,-96],[-59,-65],[-6,-66],[94,-13],[19,63],[49,22],[107,-45],[-1,-90],[32,-35],[53,12],[26,48],[-26,42],[52,44],[109,-58],[6,-55],[-43,-19],[10,-54],[64,-24],[45,-58],[-32,-24],[59,-96],[-24,-45],[66,-54],[24,40],[53,5],[89,-48],[35,-56],[-10,-76],[23,-73],[-51,-60],[-99,31],[-117,-116],[-45,-157],[36,-66],[-25,-65],[49,-16],[0,-56],[-100,-15],[-92,10],[-35,52],[-84,15],[-48,-60],[-55,-116],[-55,-66],[-34,-80],[-127,-122],[-59,-75],[-57,25],[-76,-28],[-190,-137],[-31,-35],[-132,-49],[-143,-85],[-90,-19],[-125,-159],[-53,2],[-83,-43],[-98,-116],[-75,-40],[-64,8],[-78,118],[-186,144],[-66,36],[-181,18],[-162,71],[-82,52],[-93,35],[-85,11],[-36,45],[-15,68],[-111,52],[-65,79],[-85,20],[-23,46],[-130,106],[-91,-21],[-76,35],[-67,53],[-57,117],[6,91],[54,94],[-21,60],[-99,49],[-22,52],[-81,70],[11,67],[-18,55],[-40,26],[29,98],[-56,65],[13,39],[-105,171],[47,101],[41,39],[-74,108],[-88,57],[31,305],[101,11],[168,-152],[89,-117],[91,-85],[97,-48],[81,7],[25,51],[77,-54],[64,-20],[36,-116],[-66,-69],[-63,6],[-46,-75],[10,-79],[42,-45],[59,-9],[59,50],[55,-6],[82,51],[6,60],[71,-13],[-20,-60],[18,-91]],[[122104,109610],[94,-66],[-80,-187],[-47,-60],[-77,0],[-51,31],[-82,-5],[-132,-37],[-42,2],[-156,54],[-44,-10],[-74,39],[-113,15],[-144,76],[-150,27],[-55,-24],[-171,-41],[-164,-54],[-101,-15],[-150,-45],[-166,-7],[-66,23],[-72,-19],[-82,88],[-20,84],[44,62],[90,-35],[46,128],[-7,144],[20,56],[58,-3],[127,-111],[111,-5],[82,86],[62,87],[43,4],[151,-154],[20,22],[-19,86],[-43,13],[-31,70],[-141,7],[37,186],[-24,51],[-71,44],[60,67],[14,74],[82,18],[47,-47],[20,84],[-45,12],[-41,-44],[-48,6],[-49,83],[-106,-22],[-28,49],[76,49],[32,98],[187,93],[80,117],[-18,64],[59,41],[143,5],[121,75],[61,-71],[37,-143],[28,-52],[104,-96],[9,-85],[-92,-123],[-6,-78],[88,-111],[88,-22],[145,-105],[-16,-134],[31,-173],[58,-10],[177,-86],[56,15],[51,-54],[94,-32],[15,-55],[76,-14]],[[129224,111635],[-20,-61],[46,-60],[52,29],[51,-8],[-66,-98],[36,-74],[23,-216],[-70,-46],[-29,-106],[-83,3],[-52,72],[-34,115],[-2,72],[-157,189],[-89,138],[62,13],[52,46],[19,175],[-113,70],[-70,104],[12,28],[136,-91],[140,48],[70,60],[-17,115],[44,67],[103,-6],[-56,-58],[-11,-44],[22,-78],[-1,-72],[47,-95],[18,-148],[39,-30],[-47,-52],[-55,-1]],[[139971,108580],[14,111],[74,79],[32,97],[75,-58],[60,-18],[83,25],[84,118],[62,-22],[75,24],[66,-24],[88,64],[88,39],[180,166],[140,91],[55,144],[-43,3],[-36,63],[42,56],[179,-53],[46,-106],[-67,-30],[-45,-49],[-27,-93],[-124,-63],[-93,-107],[-41,-90],[-110,-120],[-68,-39],[-107,13],[-36,-30],[-17,-74],[-116,-4],[-238,-51],[-45,-39],[-66,-11],[-123,-123],[-65,67],[24,44]],[[143355,110715],[10,57],[49,7],[87,89],[112,86],[46,66],[-16,25],[41,128],[132,173],[-9,44],[79,21],[30,69],[70,-27],[55,13],[71,88],[-13,118],[54,37],[70,153],[-7,48],[-76,24],[26,46],[134,68],[-3,-71],[-37,-99],[-10,-83],[-36,-65],[4,-48],[-49,-64],[-27,-94],[18,-61],[-38,-45],[-133,-53],[18,-76],[-53,-65],[-51,1],[-8,-55],[-48,-55],[-33,-114],[-73,-57],[-63,-129],[-88,-53],[0,-32],[-100,-120],[-47,41],[-98,-22],[10,86]],[[142691,110082],[-59,17],[-6,45],[59,17],[40,-42],[65,32],[23,51],[77,17],[4,-76],[-116,-91],[4,-35],[-78,-9],[-38,-41],[-120,46],[-25,-139],[-91,-14],[-49,34],[-130,-82],[-40,8],[-43,59],[36,33],[108,13],[81,-7],[4,77],[41,13],[-15,64],[110,55],[45,-20],[21,-53],[92,28]],[[142069,108552],[107,40],[7,35],[176,-39],[177,105],[44,100],[85,-5],[27,-106],[-131,-83],[-130,-44],[-90,-50],[-74,-20],[0,-41],[-63,-5],[-53,37],[-129,-26],[-40,55],[113,3],[-26,44]],[[132019,109948],[-25,47],[153,71],[48,59],[108,-13],[126,-31],[29,-68],[-128,-3],[-101,-58],[-23,34],[-93,-47],[59,-75],[-118,-71],[-40,58],[5,97]],[[141531,109678],[-47,2],[-104,62],[9,60],[123,74],[138,66],[107,-41],[-226,-223]],[[137688,108372],[-57,-119],[-47,-28],[-114,47],[-18,137],[10,53],[-69,77],[27,21],[104,-74],[88,-12],[40,-30],[36,-72]],[[128323,108384],[12,42],[77,-6],[60,35],[86,-11],[48,-55],[26,-97],[-38,-61],[-86,-2],[-76,51],[-109,104]],[[142905,110197],[-21,44],[73,68],[103,43],[57,70],[147,109],[2,-61],[-37,-43],[16,-36],[-53,-78],[-168,-62],[-1,-26],[-118,-28]],[[132133,110433],[107,14],[98,40],[65,51],[31,-30],[24,-79],[42,-63],[-143,-5],[-50,36],[-54,-22],[-28,-52],[-65,16],[10,52],[-37,42]],[[121753,106755],[4,-63],[-58,-64],[24,-29],[38,-132],[80,-95],[-30,-97],[-38,44],[3,119],[-90,56],[-42,69],[26,99],[-36,43],[119,50]],[[137619,108590],[7,36],[157,25],[97,-68],[-67,-57],[-5,-45],[-78,10],[-13,44],[-98,55]],[[143424,109399],[66,69],[119,-5],[18,45],[83,70],[-23,-132],[-75,-31],[-188,-16]],[[143256,109222],[44,171],[57,-39],[-9,-57],[-54,-52],[20,-151],[-19,-36],[-58,0],[-15,105],[34,59]],[[138147,108862],[-34,51],[23,64],[108,18],[138,-35],[-54,-56],[-55,6],[-37,-30],[-89,-18]],[[123661,108383],[68,-38],[24,-45],[-44,-29],[-104,-11],[-71,22],[45,83],[82,18]],[[127509,110035],[35,50],[-12,79],[65,16],[20,-87],[31,-33],[-61,-82],[-73,20],[-5,37]],[[144442,108299],[-4,100],[97,57],[-7,-165],[-23,-67],[-63,75]],[[123612,108505],[-109,23],[76,53],[101,19],[25,-66],[-93,-29]],[[130373,111638],[-8,-57],[-77,-35],[-1,80],[86,12]],[[143043,109181],[80,-67],[-5,-45],[-94,-26],[-26,38],[45,100]],[[142099,108107],[4,-72],[-149,-13],[-18,32],[51,71],[46,-29],[66,11]],[[123743,108458],[107,66],[96,-10],[-7,-50],[-61,-17],[-135,11]],[[141338,109564],[59,57],[47,-12],[-2,-64],[-93,-40],[-11,59]],[[137404,108661],[56,-47],[-43,-40],[-88,31],[2,49],[73,7]],[[123785,108648],[169,53],[22,-55],[-103,-22],[-88,24]],[[141365,109030],[14,95],[91,23],[-78,-111],[-27,-7]],[[128191,110097],[17,102],[66,-42],[-14,-78],[-69,18]],[[121256,106507],[-41,-4],[-12,64],[42,25],[58,-17],[11,-38],[-58,-30]],[[142118,109739],[-48,-75],[-60,30],[57,47],[51,-2]],[[141656,108192],[3,177],[29,15],[18,-120],[-50,-72]],[[121362,106709],[5,54],[58,3],[27,-47],[-58,-41],[-32,31]],[[137915,108377],[-56,91],[66,-6],[-10,-85]],[[31983,114084],[17,52],[91,6],[35,-105],[-15,-62],[-112,-139],[13,-55],[-32,-55],[-10,-117],[-91,11],[-41,157],[-46,21],[-95,5],[-48,26],[-159,-17],[63,55],[53,131],[141,-43],[109,28],[64,38],[63,63]],[[194674,29513],[56,-35],[103,-9],[64,16],[-12,-108],[-78,-59],[-55,14],[-95,-83],[-27,104],[-159,20],[-92,-19],[-94,-50]],[[256926,50298],[-52,67],[45,112],[117,-32],[120,-87],[-34,-62],[-79,-28],[-117,30]]],"transform":{"scale":[0.00027679626231541494,0.00029198715537906894],"translate":[96.81703561945476,-43.740364591808635]},"objects":{"STE_2021_AUST_GDA2020":{"type":"GeometryCollection","geometries":[{"arcs":[[[0]],[[1,2,3,4,5,6],[7]]],"type":"MultiPolygon","properties":{"STE_CODE21":"1","STE_NAME21":"New South Wales","CHG_FLAG21":"0","CHG_LBL21":"No change","AUS_CODE21":"AUS","AUS_NAME21":"Australia","AREASQKM21":800797.6591,"LOCI_URI21":"http://linked.data.gov.au/dataset/asgsed3/STE/1"}},{"arcs":[[[8]],[[9,-4,10]],[[11]],[[12]],[[13]],[[14]]],"type":"MultiPolygon","properties":{"STE_CODE21":"2","STE_NAME21":"Victoria","CHG_FLAG21":"0","CHG_LBL21":"No change","AUS_CODE21":"AUS","AUS_NAME21":"Australia","AREASQKM21":227496.2479,"LOCI_URI21":"http://linked.data.gov.au/dataset/asgsed3/STE/2"}},{"arcs":[[[15]],[[16]],[[17]],[[18]],[[19]],[[20]],[[21]],[[22]],[[23]],[[24]],[[25]],[[26]],[[27]],[[28]],[[29]],[[30]],[[31]],[[32]],[[33]],[[34]],[[35]],[[36]],[[37]],[[38]],[[39]],[[40]],[[41]],[[42]],[[43]],[[44]],[[45]],[[46]],[[47]],[[48]],[[49]],[[50]],[[51]],[[52]],[[53]],[[54]],[[55]],[[56]],[[57]],[[58]],[[59]],[[60]],[[61]],[[62]],[[63]],[[64]],[[65]],[[66]],[[67]],[[68]],[[69]],[[70]],[[71]],[[72]],[[73]],[[74]],[[75]],[[76,-6,77,78,79]],[[80]],[[81]],[[82]],[[83]],[[84]],[[85]],[[86]],[[87]],[[88]]],"type":"MultiPolygon","properties":{"STE_CODE21":"3","STE_NAME21":"Queensland","CHG_FLAG21":"0","CHG_LBL21":"No change","AUS_CODE21":"AUS","AUS_NAME21":"Australia","AREASQKM21":1730171.2208,"LOCI_URI21":"http://linked.data.gov.au/dataset/asgsed3/STE/3"}},{"arcs":[[[89]],[[90]],[[91]],[[92]],[[93,94,-78,-5,-10,95]],[[96]],[[97]],[[98]],[[99]],[[100]]],"type":"MultiPolygon","properties":{"STE_CODE21":"4","STE_NAME21":"South Australia","CHG_FLAG21":"0","CHG_LBL21":"No change","AUS_CODE21":"AUS","AUS_NAME21":"Australia","AREASQKM21":984231.4202,"LOCI_URI21":"http://linked.data.gov.au/dataset/asgsed3/STE/4"}},{"arcs":[[[101]],[[102]],[[103]],[[104]],[[105]],[[106]],[[107]],[[108]],[[109]],[[110]],[[111]],[[112]],[[113]],[[114]],[[115]],[[116]],[[117]],[[118]],[[119]],[[120]],[[121]],[[122]],[[123]],[[124]],[[125]],[[126]],[[127]],[[128]],[[129]],[[130]],[[131]],[[132]],[[133]],[[134]],[[135]],[[136]],[[137]],[[138]],[[139]],[[140]],[[141]],[[142]],[[143]],[[144]],[[145]],[[146]],[[147]],[[148]],[[149]],[[150]],[[151]],[[152]],[[153]],[[154]],[[155]],[[156]],[[157]],[[158]],[[159]],[[160]],[[161]],[[162]],[[163]],[[164]],[[165]],[[166]],[[167,-94,168]],[[169]],[[170]],[[171]],[[172]],[[173]]],"type":"MultiPolygon","properties":{"STE_CODE21":"5","STE_NAME21":"Western Australia","CHG_FLAG21":"0","CHG_LBL21":"No change","AUS_CODE21":"AUS","AUS_NAME21":"Australia","AREASQKM21":2526632.4825,"LOCI_URI21":"http://linked.data.gov.au/dataset/asgsed3/STE/5"}},{"arcs":[[[174]],[[175]],[[176]],[[177]],[[178]],[[179]],[[180]],[[181]],[[182]],[[183]],[[184]],[[185]],[[186]],[[187]],[[188]],[[189]],[[190]],[[191]],[[192]],[[193]],[[194]],[[195]]],"type":"MultiPolygon","properties":{"STE_CODE21":"6","STE_NAME21":"Tasmania","CHG_FLAG21":"0","CHG_LBL21":"No change","AUS_CODE21":"AUS","AUS_NAME21":"Australia","AREASQKM21":68017.5393,"LOCI_URI21":"http://linked.data.gov.au/dataset/asgsed3/STE/6"}},{"arcs":[[[196]],[[197]],[[198]],[[199]],[[200]],[[201]],[[202]],[[203]],[[204]],[[205]],[[206]],[[207]],[[208]],[[209]],[[210]],[[211]],[[212]],[[213]],[[214]],[[-79,-95,-168,215]],[[216]],[[217]],[[218]],[[219]],[[220]],[[221]],[[222]],[[223]],[[224]],[[225]],[[226]],[[227]],[[228]],[[229]],[[230]],[[231]],[[232]],[[233]],[[234]],[[235]],[[236]],[[237]],[[238]],[[239]],[[240]],[[241]],[[242]],[[243]],[[244]],[[245]],[[246]],[[247]],[[248]],[[249]],[[250]],[[251]]],"type":"MultiPolygon","properties":{"STE_CODE21":"7","STE_NAME21":"Northern Territory","CHG_FLAG21":"0","CHG_LBL21":"No change","AUS_CODE21":"AUS","AUS_NAME21":"Australia","AREASQKM21":1348134.4931,"LOCI_URI21":"http://linked.data.gov.au/dataset/asgsed3/STE/7"}},{"arcs":[[-8]],"type":"Polygon","properties":{"STE_CODE21":"8","STE_NAME21":"Australian Capital Territory","CHG_FLAG21":"0","CHG_LBL21":"No change","AUS_CODE21":"AUS","AUS_NAME21":"Australia","AREASQKM21":2358.133,"LOCI_URI21":"http://linked.data.gov.au/dataset/asgsed3/STE/8"}},{"arcs":[[[252]],[[253,-2]],[[254]]],"type":"MultiPolygon","properties":{"STE_CODE21":"9","STE_NAME21":"Other Territories","CHG_FLAG21":"0","CHG_LBL21":"No change","AUS_CODE21":"AUS","AUS_NAME21":"Australia","AREASQKM21":255.742,"LOCI_URI21":"http://linked.data.gov.au/dataset/asgsed3/STE/9"}},{"type":null,"properties":{"STE_CODE21":"Z","STE_NAME21":"Outside Australia","CHG_FLAG21":"1","CHG_LBL21":"New","AUS_CODE21":"ZZZ","AUS_NAME21":"Outside Australia","AREASQKM21":null,"LOCI_URI21":"http://linked.data.gov.au/dataset/asgsed3/STE/Z"}}]}}}